0,-1.052843455
1.33333E-06,-1.162733528
2.66667E-06,-1.17437716
0.000004,0.040536707
5.33333E-06,1.225551777
6.66667E-06,1.12825672
0.000008,1.19697351
9.33333E-06,1.154106483
1.06667E-05,1.180156013
0.000012,1.16513987
1.33333E-05,1.172776694
1.46667E-05,1.169338864
0.000016,1.169812892
1.73333E-05,1.170297705
1.86667E-05,1.169419441
0.00002,1.170772993
2.13333E-05,1.169880293
2.26667E-05,1.170911811
0.000024,1.169515281
2.53333E-05,1.172337673
2.66667E-05,1.147270013
0.000028,0.964223098
2.93333E-05,0.753783115
3.06667E-05,0.574374963
0.000032,0.419569717
3.33333E-05,0.287634589
3.46667E-05,0.17827788
0.000036,0.092869371
3.73333E-05,0.025357038
3.86667E-05,-0.015925104
0.00004,-0.044968962
4.13333E-05,-0.060211458
4.26667E-05,-0.062620404
0.000044,-0.053340663
4.53333E-05,-0.044928593
4.66667E-05,-0.028527223
0.000048,-0.007236863
4.93333E-05,0.016511824
5.06667E-05,0.042238294
0.000052,0.061995712
5.33333E-05,0.080345196
5.46667E-05,0.09546408
5.6E-05,0.109454916
5.73333E-05,0.116759088
5.86667E-05,0.121955689
6E-05,0.117557025
6.13333E-05,0.112756944
6.26667E-05,0.104346472
6.4E-05,0.094962416
6.53333E-05,0.078348225
6.66667E-05,0.059186647
0.000068,0.044266468
6.93333E-05,0.029654122
7.06667E-05,0.016891567
0.000072,-8.81E-05
7.33333E-05,-0.012113673
7.46667E-05,-0.022283158
0.000076,-0.033703775
7.73333E-05,-0.048112977
7.86667E-05,-0.057529473
0.00008,-0.062030138
8.13333E-05,-0.060320876
8.26667E-05,-0.057052593
0.000084,-0.056183188
8.53333E-05,-0.052856384
8.66667E-05,-0.03994199
0.000088,-0.029973377
8.93333E-05,-0.016770612
9.06667E-05,-0.005260855
0.000092,0.003756048
9.33333E-05,0.014653944
9.46667E-05,0.024403888
0.000096,0.037430546
9.73333E-05,0.043706582
9.86667E-05,0.039677549
0.0001,0.044064416
0.000101333,0.051631558
0.000102667,0.054448082
0.000104,0.058119751
0.000105333,0.049668996
0.000106667,0.040661743
0.000108,0.034986098
0.000109333,0.021885618
0.000110667,0.015575774
0.000112,0.006491243
0.000113333,0.004859081
0.000114667,-0.002033842
0.000116,-0.009976829
0.000117333,-0.01295543
0.000118667,-0.017056322
0.00012,-0.017854982
0.000121333,-0.022835733
0.000122667,-0.025633371
0.000124,-0.029438906
0.000125333,-0.029126922
0.000126667,-0.022409028
0.000128,-0.022509966
0.000129333,-0.024209506
0.000130667,-0.017479298
0.000132,-0.010628837
0.000133333,-0.001652754
0.000134667,0.004037181
0.000136,0.006683238
0.000137333,0.012163903
0.000138667,0.016846594
0.00014,0.023926757
0.000141333,0.029714448
0.000142667,0.034449875
0.000144,0.032447607
0.000145333,0.031793118
0.000146667,0.02933275
0.000148,0.022255162
0.000149333,0.023261596
0.000150667,0.020335674
0.000152,0.017015705
0.000153333,0.007849406
0.000154667,0.004939365
0.000156,0.003851285
0.000157333,-0.004374983
0.000158667,-0.009420482
0.00016,-0.00656294
0.000161333,-0.011997761
0.000162667,-0.013015637
0.000164,-0.012874059
0.000165333,-0.016077364
0.000166667,-0.020309523
0.000168,-0.01923263
0.000169333,-0.019427683
0.000170667,-0.013528923
0.000172,-0.010916767
0.000173333,-0.010800745
0.000174667,-0.00024675
0.000176,0.002278764
0.000177333,0.005356086
0.000178667,0.008778282
0.00018,0.012273285
0.000181333,0.011056867
0.000182667,0.01403535
0.000184,0.017550348
0.000185333,0.011827122
0.000186667,0.015582839
0.000188,0.016818707
0.000189333,0.012654659
0.000190667,0.014558732
0.000192,0.013844434
0.000193333,0.010680295
0.000194667,0.007081212
0.000196,0.002216554
0.000197333,-0.001280241
0.000198667,0.001002342
0.0002,0.007997658
0.000201333,0.001150196
0.000202667,-0.007128428
0.000204,-0.00500655
0.000205333,-0.00630124
0.000206667,-0.005640072
0.000208,-0.005850178
0.000209333,-0.005009487
0.000210667,-0.004354816
0.000212,-0.006965941
0.000213333,-0.00070642
0.000214667,-6.73E-05
0.000216,0.00281802
0.000217333,0.005653258
0.000218667,0.001536005
0.00022,0.006255005
0.000221333,0.004743479
0.000222667,0.010332714
0.000224,0.01243355
0.000225333,0.013139497
0.000226667,0.009016936
0.000228,0.006662213
0.000229333,0.009095714
0.000230667,0.008901975
0.000232,0.008205201
0.000233333,0.007943832
0.000234667,0.014082
0.000236,0.009397611
0.000237333,0.005565212
0.000238667,0.007302148
0.00024,0.004870839
0.000241333,0.000358037
0.000242667,-0.003458771
0.000244,-0.00324835
0.000245333,0.001989038
0.000246667,0.001340025
0.000248,0.002720432
0.000249333,0.00398569
0.000250667,0.001236868
0.000252,0.003039143
0.000253333,0.003186056
0.000254667,0.002639469
0.000256,0.000684709
0.000257333,0.000281877
0.000258667,4.85E-05
0.00026,0.005449406
0.000261333,0.002915326
0.000262667,0.002301195
0.000264,0.000262169
0.000265333,-0.002783032
0.000266667,-0.000119455
0.000268,0.002981158
0.000269333,0.005586487
0.000270667,0.005160664
0.000272,0.004082038
0.000273333,0.002137191
0.000274667,-0.001590978
0.000276,0.000961199
0.000277333,0.003559854
0.000278667,0.001893789
0.00028,-0.000444498
0.000281333,-0.0023515
0.000282667,0.002135141
0.000284,0.005069871
0.000285333,0.006638338
0.000286667,0.008091672
0.000288,0.005975015
0.000289333,0.008300136
0.000290667,0.006136039
0.000292,0.005455346
0.000293333,0.000494041
0.000294667,0.000323764
0.000296,-0.0007262
0.000297333,0.000270026
0.000298667,0.004773521
0.0003,0.002995177
0.000301333,0.004179603
0.000302667,0.003233432
0.000304,0.001224291
0.000305333,-0.003824319
0.000306667,0.001770915
0.000308,0.001800825
0.000309333,-0.000908048
0.000310667,-0.000351894
0.000312,-0.001314575
0.000313333,0.004923507
0.000314667,0.012078743
0.000316,0.00766557
0.000317333,-2.46E-05
0.000318667,0.000888535
0.00032,0.000330946
0.000321333,-0.005531647
0.000322667,-0.003399741
0.000324,-0.001058302
0.000325333,-0.002677542
0.000326667,0.0002218
0.000328,0.003901305
0.000329333,0.00647446
0.000330667,0.000986936
0.000332,0.002356099
0.000333333,0.005750539
0.000334667,0.007865538
0.000336,0.009217109
0.000337333,0.007768576
0.000338667,0.006794863
0.00034,0.002556242
0.000341333,-0.00443094
0.000342667,0.001498584
0.000344,0.01126777
0.000345333,0.00650792
0.000346667,0.003194093
0.000348,0.00057044
0.000349333,-9.40E-05
0.000350667,0.003076397
0.000352,0.004636156
0.000353333,0.000718488
0.000354667,-0.000870369
0.000356,0.000903916
0.000357333,0.005145771
0.000358667,-0.000104638
0.00036,-0.000192684
0.000361333,-0.000424778
0.000362667,-0.00440125
0.000364,-0.004630201
0.000365333,0.00073968
0.000366667,0.003066307
0.000368,0.005724538
0.000369333,0.010840773
0.000370667,0.001960394
0.000372,0.002981734
0.000373333,0.001905899
0.000374667,0.006354977
0.000376,0.008802636
0.000377333,0.006467155
0.000378667,0.009169914
0.00038,0.013681507
0.000381333,0.010140561
0.000382667,0.003680691
0.000384,0.00548366
0.000385333,0.003572505
0.000386667,0.000988983
0.000388,0.00226633
0.000389333,0.002318982
0.000390667,0.002512077
0.000392,0.003810483
0.000393333,5.46E-05
0.000394667,-0.005273687
0.000396,-0.000487857
0.000397333,-0.002071232
0.000398667,-0.003344101
0.0004,-0.001418963
0.000401333,-0.003724212
0.000402667,-0.000735298
0.000404,0.000613808
0.000405333,-0.001079704
0.000406667,0.002486009
0.000408,0.006990359
0.000409333,0.004013782
0.000410667,0.00257103
0.000412,0.00169959
0.000413333,0.000101476
0.000414667,0.002009536
0.000416,0.004577756
0.000417333,0.002365342
0.000418667,0.005741266
0.00042,0.005768368
0.000421333,0.001747989
0.000422667,0.000979716
0.000424,0.004053821
0.000425333,0.010217961
0.000426667,0.007770135
0.000428,0.002866018
0.000429333,0.003712502
0.000430667,0.006562379
0.000432,0.007945275
0.000433333,0.002996335
0.000434667,-0.000587267
0.000436,0.001044641
0.000437333,0.001005408
0.000438667,0.002786017
0.00044,0.00548574
0.000441333,0.002137194
0.000442667,0.004348507
0.000444,0.000370433
0.000445333,-0.001217748
0.000446667,0.00012191
0.000448,-0.006835152
0.000449333,-0.001261754
0.000450667,-0.000954623
0.000452,0.000797949
0.000453333,0.003647203
0.000454667,0.006215773
0.000456,0.004842548
0.000457333,0.001384409
0.000458667,0.004735059
0.00046,0.006460605
0.000461333,0.006442388
0.000462667,0.008291019
0.000464,0.010444689
0.000465333,0.009098926
0.000466667,0.005598175
0.000468,-0.005023001
0.000469333,-0.011703823
0.000470667,-0.002793052
0.000472,0.003021437
0.000473333,0.005713432
0.000474667,0.00321676
0.000476,0.003154069
0.000477333,0.001624851
0.000478667,0.002190782
0.00048,0.004907829
0.000481333,0.00272377
0.000482667,0.005209532
0.000484,0.003789711
0.000485333,0.002485774
0.000486667,0.000397121
0.000488,0.001219717
0.000489333,0.002353873
0.000490667,0.002066835
0.000492,0.003283099
0.000493333,0.003598438
0.000494667,0.003939259
0.000496,0.006017122
0.000497333,0.001803938
0.000498667,0.002305175
0.0005,-0.000870151
0.000501333,0.000694707
0.000502667,0.006270204
0.000504,0.003429458
0.000505333,0.001983276
0.000506667,-0.000639839
0.000508,0.001006773
0.000509333,0.002203558
0.000510667,0.002999983
0.000512,0.005157056
0.000513333,0.002616799
0.000514667,-0.00023467
0.000516,0.001963906
0.000517333,0.001853489
0.000518667,0.001048904
0.00052,0.00176196
0.000521333,0.004197094
0.000522667,0.00501988
0.000524,0.002940515
0.000525333,0.002477714
0.000526667,0.00048959
0.000528,0.000811751
0.000529333,0.006276763
0.000530667,0.005310701
0.000532,0.005434819
0.000533333,0.00546591
0.000534667,0.004601004
0.000536,0.004845517
0.000537333,0.007430852
0.000538667,0.005795386
0.00054,0.01159169
0.000541333,0.007987681
0.000542667,0.005452646
0.000544,0.010194251
0.000545333,0.003498677
0.000546667,-0.004375366
0.000548,-0.005591742
0.000549333,-0.001367806
0.000550667,0.001004867
0.000552,0.001174058
0.000553333,0.00391785
0.000554667,0.00055908
0.000556,-0.003753057
0.000557333,-0.000775586
0.000558667,-0.006958765
0.00056,-0.005902261
0.000561333,0.00193033
0.000562667,0.005018105
0.000564,0.006173031
0.000565333,0.003676666
0.000566667,0.003151397
0.000568,0.003687258
0.000569333,0.00079826
0.000570667,0.003484841
0.000572,0.00264297
0.000573333,0.001525913
0.000574667,0.00363201
0.000576,0.006171884
0.000577333,0.008725982
0.000578667,0.005565896
0.00058,0.003696778
0.000581333,0.010598399
0.000582667,0.008192763
0.000584,0.001709214
0.000585333,0.00424977
0.000586667,0.00031507
0.000588,1.50E-05
0.000589333,-0.004703788
0.000590667,-0.003992256
0.000592,0.003637772
0.000593333,-8.14E-05
0.000594667,-0.001821534
0.000596,-0.002454045
0.000597333,0.000605574
0.000598667,-0.000808175
0.0006,0.002173154
0.000601333,0.007754186
0.000602667,0.005293043
0.000604,-0.000813768
0.000605333,-0.00179601
0.000606667,0.001723937
0.000608,-0.000788339
0.000609333,0.004242556
0.000610667,0.003914826
0.000612,0.003748499
0.000613333,0.001568229
0.000614667,0.0043101
0.000616,0.00325533
0.000617333,0.002862805
0.000618667,0.003677991
0.00062,0.003523682
0.000621333,0.002836746
0.000622667,-0.000523278
0.000624,-0.000271902
0.000625333,-0.000507239
0.000626667,0.002356226
0.000628,0.007358954
0.000629333,0.008820313
0.000630667,0.008752038
0.000632,0.005582354
0.000633333,0.005833498
0.000634667,0.002929794
0.000636,-0.004957809
0.000637333,-0.004048505
0.000638667,0.001283835
0.00064,0.000785259
0.000641333,0.000428172
0.000642667,0.001346745
0.000644,0.002258676
0.000645333,-0.000241442
0.000646667,-0.000151815
0.000648,0.001455083
0.000649333,0.004060259
0.000650667,0.003322151
0.000652,-0.006897644
0.000653333,0.00660284
0.000654667,-0.00673891
0.000656,0.023686765
0.000657333,-0.023280233
0.000658667,0.06092407
0.00066,-0.558345149
0.000661333,-1.215724578
0.000662667,-1.149576574
0.000664,-1.168036431
0.000665333,-1.185735186
0.000666667,-1.129144376
0.000668,-1.232979126
0.000669333,-0.091641173
0.000670667,1.215141482
0.000672,1.133103281
0.000673333,1.193210617
0.000674667,1.157162726
0.000676,1.177698755
0.000677333,1.166360597
0.000678667,1.171504556
0.00068,1.169854575
0.000681333,1.169420448
0.000682667,1.170648967
0.000684,1.169161598
0.000685333,1.171080531
0.000686667,1.169457867
0.000688,1.17243385
0.000689333,1.150806534
0.000690667,1.000398247
0.000692,0.840428024
0.000693333,0.7118697
0.000694667,0.592319792
0.000696,0.489484702
0.000697333,0.406202744
0.000698667,0.33583809
0.0007,0.274361957
0.000701333,0.221312017
0.000702667,0.171928159
0.000704,0.133764226
0.000705333,0.106550391
0.000706667,0.074929682
0.000708,0.051464464
0.000709333,0.034358273
0.000710667,0.019345001
0.000712,0.013133717
0.000713333,0.007870514
0.000714667,0.004135104
0.000716,0.006495782
0.000717333,0.007652515
0.000718667,0.008061589
0.00072,0.010036942
0.000721333,0.010278848
0.000722667,0.012999515
0.000724,0.020742368
0.000725333,0.023855816
0.000726667,0.030808611
0.000728,0.034253776
0.000729333,0.034617115
0.000730667,0.034979081
0.000732,0.031764024
0.000733333,0.021880266
0.000734667,0.017454571
0.000736,0.015711882
0.000737333,0.014937861
0.000738667,0.01085674
0.00074,0.010342782
0.000741333,0.009977021
0.000742667,0.004750259
0.000744,0.004034971
0.000745333,-0.003740439
0.000746667,-0.00531575
0.000748,-0.013341123
0.000749333,-0.014062149
0.000750667,-0.011623124
0.000752,-0.018867635
0.000753333,-0.016123306
0.000754667,-0.015336906
0.000756,-0.013726861
0.000757333,-0.010445808
0.000758667,-0.012398914
0.00076,-0.009677926
0.000761333,-0.010949266
0.000762667,-0.014011263
0.000764,-0.010425793
0.000765333,-0.010572306
0.000766667,-0.013199131
0.000768,-0.010893072
0.000769333,-0.009074383
0.000770667,-0.013052971
0.000772,-0.015487261
0.000773333,-0.006256091
0.000774667,-0.003650851
0.000776,-0.001954276
0.000777333,-0.001483723
0.000778667,-0.000834367
0.00078,-0.00137548
0.000781333,-0.001791444
0.000782667,-0.006081328
0.000784,-0.010179034
0.000785333,-0.008356474
0.000786667,-0.004961893
0.000788,-0.007766582
0.000789333,-0.010586084
0.000790667,-0.011269696
0.000792,-0.009481113
0.000793333,-0.00415401
0.000794667,-0.007150078
0.000796,-0.006608983
0.000797333,-0.003616774
0.000798667,-0.009665738
0.0008,-0.013439571
0.000801333,-0.005159444
0.000802667,-0.005847505
0.000804,-0.002278315
0.000805333,-0.001365134
0.000806667,-0.008995124
0.000808,-0.008391129
0.000809333,-0.010343224
0.000810667,-0.007670307
0.000812,-0.007064643
0.000813333,-0.007508524
0.000814667,-0.006402171
0.000816,-0.006054355
0.000817333,-0.004353026
0.000818667,-0.007803094
0.00082,-0.00959988
0.000821333,-0.009975803
0.000822667,-0.004861477
0.000824,-0.00445434
0.000825333,-0.003192782
0.000826667,-0.002129728
0.000828,-0.005680651
0.000829333,-0.004889413
0.000830667,-0.002984777
0.000832,-0.005146537
0.000833333,-0.003886511
0.000834667,-0.001850181
0.000836,-0.002496075
0.000837333,-0.007929433
0.000838667,-0.006917246
0.00084,-0.003495416
0.000841333,-0.002134477
0.000842667,-0.002732625
0.000844,-0.006869538
0.000845333,-0.004793229
0.000846667,-0.003107299
0.000848,-0.005843921
0.000849333,-0.007466267
0.000850667,-0.006258086
0.000852,-0.007195087
0.000853333,-0.009069068
0.000854667,-0.012427092
0.000856,-0.010742288
0.000857333,-0.006961895
0.000858667,-0.002715615
0.00086,-0.0033739
0.000861333,-0.004661715
0.000862667,-0.007396911
0.000864,-0.00929291
0.000865333,-0.005293331
0.000866667,-0.005806069
0.000868,-0.011290902
0.000869333,-0.011903871
0.000870667,-0.009723018
0.000872,-0.006061083
0.000873333,-0.003600684
0.000874667,-0.002968416
0.000876,0.000743044
0.000877333,0.000149527
0.000878667,9.33E-05
0.00088,0.000945854
0.000881333,0.000904338
0.000882667,0.000139803
0.000884,-0.004076882
0.000885333,-0.005254737
0.000886667,-0.008644339
0.000888,-0.010335798
0.000889333,-0.010446546
0.000890667,-0.005898091
0.000892,-0.00454705
0.000893333,-0.006834428
0.000894667,-0.009522135
0.000896,-0.008104063
0.000897333,-0.006121736
0.000898667,-0.007231597
0.0009,-0.007368782
0.000901333,-0.01063964
0.000902667,-0.012195852
0.000904,-0.01146218
0.000905333,-0.008970602
0.000906667,-0.00942109
0.000908,-0.007340333
0.000909333,-0.006813962
0.000910667,-0.002580455
0.000912,0.003348479
0.000913333,0.005447134
0.000914667,0.005848695
0.000916,0.00055658
0.000917333,-0.002492509
0.000918667,-0.002653194
0.00092,-0.003490945
0.000921333,-0.003455803
0.000922667,-0.008330108
0.000924,-0.005894981
0.000925333,-0.003490432
0.000926667,-0.001717728
0.000928,-0.002372575
0.000929333,-0.005237559
0.000930667,-0.002244607
0.000932,-0.002804151
0.000933333,0.000281275
0.000934667,-0.007714249
0.000936,-0.01185464
0.000937333,-0.007148959
0.000938667,-0.006051042
0.00094,-0.007864678
0.000941333,-0.009968448
0.000942667,-0.012520131
0.000944,-0.00968754
0.000945333,-0.007533496
0.000946667,-0.008136977
0.000948,-0.010029473
0.000949333,-0.007580752
0.000950667,-0.006323979
0.000952,-0.004151681
0.000953333,0.000263428
0.000954667,-0.0023606
0.000956,-0.000745546
0.000957333,0.0023038
0.000958667,-0.000890303
0.00096,-0.000117629
0.000961333,-0.007886331
0.000962667,-0.004145272
0.000964,-0.005318576
0.000965333,-0.00691157
0.000966667,-0.003184635
0.000968,-0.000936044
0.000969333,-0.000794058
0.000970667,0.000103901
0.000972,0.000538058
0.000973333,-0.002192136
0.000974667,-0.002707332
0.000976,0.00032527
0.000977333,-0.002198461
0.000978667,-0.009350285
0.00098,-0.009674701
0.000981333,-0.013518197
0.000982667,-0.012832953
0.000984,-0.013160489
0.000985333,-0.00948406
0.000986667,-0.008113428
0.000988,-0.008783936
0.000989333,-0.010023342
0.000990667,-0.008399765
0.000992,-0.004431651
0.000993333,-0.003510959
0.000994667,-0.006378985
0.000996,-0.010849234
0.000997333,-0.002990086
0.000998667,-0.00233029
0.001,-0.000762641
0.001001333,-0.00057646
0.001002667,-0.000526755
0.001004,0.000971493
0.001005333,-0.001725334
0.001006667,0.002672661
0.001008,0.002922051
0.001009333,-0.001489329
0.001010667,-0.001505341
0.001012,0.001531973
0.001013333,-0.005395719
0.001014667,-0.00483022
0.001016,-0.002900276
0.001017333,-0.003002868
0.001018667,-0.004727686
0.00102,-0.00819818
0.001021333,-0.011181901
0.001022667,-0.010533782
0.001024,-0.004656081
0.001025333,-0.005026045
0.001026667,-0.008062821
0.001028,-0.006324685
0.001029333,-0.007431534
0.001030667,-0.009170372
0.001032,-0.00683451
0.001033333,-0.00785434
0.001034667,-0.003414906
0.001036,-0.002633949
0.001037333,-0.007289175
0.001038667,-0.005036699
0.00104,-0.005617203
0.001041333,-0.004068164
0.001042667,-0.003113639
0.001044,-0.003929148
0.001045333,-0.0003582
0.001046667,-0.003431536
0.001048,-0.00469687
0.001049333,-0.002057154
0.001050667,-0.004940974
0.001052,-0.000962825
0.001053333,-0.00106585
0.001054667,-0.003955044
0.001056,-0.005011054
0.001057333,-0.005461048
0.001058667,-0.004102927
0.00106,-0.005250317
0.001061333,-0.008140404
0.001062667,-0.008204059
0.001064,-0.004651995
0.001065333,-0.00361322
0.001066667,-0.003016491
0.001068,-0.003637741
0.001069333,-0.005202028
0.001070667,-0.009585426
0.001072,-0.006571705
0.001073333,-0.005469662
0.001074667,-0.006906735
0.001076,-0.005918243
0.001077333,-0.000775706
0.001078667,-0.003162767
0.00108,-0.003500586
0.001081333,-0.003426313
0.001082667,-0.003648664
0.001084,-0.00135643
0.001085333,-0.003688316
0.001086667,-0.005031051
0.001088,-0.004659178
0.001089333,-0.00754047
0.001090667,-0.003842862
0.001092,-0.005522965
0.001093333,-0.005641609
0.001094667,-0.006664182
0.001096,-0.008426097
0.001097333,-0.004893434
0.001098667,-0.001815662
0.0011,-0.000413681
0.001101333,-0.006689655
0.001102667,-0.00684147
0.001104,-0.004876082
0.001105333,-0.002648991
0.001106667,-0.00059725
0.001108,-3.43E-05
0.001109333,0.00159868
0.001110667,-0.000474449
0.001112,-1.64E-05
0.001113333,0.001430664
0.001114667,0.001213013
0.001116,0.001938468
0.001117333,-0.000378369
0.001118667,-0.003386678
0.00112,-0.006704128
0.001121333,-0.007839558
0.001122667,-0.005378028
0.001124,-0.005281657
0.001125333,-0.008396636
0.001126667,-0.008557276
0.001128,-0.010754068
0.001129333,-0.011431693
0.001130667,-0.009923235
0.001132,-0.01598738
0.001133333,-0.015299788
0.001134667,-0.01300555
0.001136,-0.015839961
0.001137333,-0.010800635
0.001138667,-0.007238984
0.00114,-0.006596869
0.001141333,-0.007253394
0.001142667,-0.002135072
0.001144,0.000748652
0.001145333,0.003140874
0.001146667,0.0017318
0.001148,-0.001599952
0.001149333,0.000824105
0.001150667,0.001412997
0.001152,0.002634043
0.001153333,0.003751658
0.001154667,0.00697071
0.001156,0.007922676
0.001157333,0.008476562
0.001158667,0.011271938
0.00116,0.006051308
0.001161333,0.002861496
0.001162667,0.003357447
0.001164,0.000514246
0.001165333,-0.002720758
0.001166667,-0.010011046
0.001168,-0.014594326
0.001169333,-0.014766445
0.001170667,-0.016417323
0.001172,-0.017063723
0.001173333,-0.022676786
0.001174667,-0.021597018
0.001176,-0.022514494
0.001177333,-0.022802657
0.001178667,-0.023122404
0.00118,-0.020513492
0.001181333,-0.016971523
0.001182667,-0.01183831
0.001184,-0.008659092
0.001185333,-0.006729336
0.001186667,0.000494653
0.001188,0.002060623
0.001189333,0.005379415
0.001190667,0.010339629
0.001192,0.013346531
0.001193333,0.011866982
0.001194667,0.008971945
0.001196,0.014744469
0.001197333,0.015428646
0.001198667,0.016190317
0.0012,0.018068483
0.001201333,0.016547172
0.001202667,0.014800309
0.001204,0.006868453
0.001205333,0.005895025
0.001206667,0.004746365
0.001208,-0.003942413
0.001209333,-0.013079898
0.001210667,-0.018874896
0.001212,-0.02296455
0.001213333,-0.028315569
0.001214667,-0.028093456
0.001216,-0.030656581
0.001217333,-0.037183703
0.001218667,-0.037225173
0.00122,-0.033787469
0.001221333,-0.035225226
0.001222667,-0.028531214
0.001224,-0.023149339
0.001225333,-0.022595816
0.001226667,-0.019953116
0.001228,-0.015301779
0.001229333,-0.005714065
0.001230667,0.004027518
0.001232,0.014197729
0.001233333,0.024991577
0.001234667,0.02843816
0.001236,0.033923992
0.001237333,0.041455238
0.001238667,0.043473772
0.00124,0.043785668
0.001241333,0.043232247
0.001242667,0.042382066
0.001244,0.036687456
0.001245333,0.026907384
0.001246667,0.018862049
0.001248,0.010647824
0.001249333,0.002773095
0.001250667,-0.0037924
0.001252,-0.012317123
0.001253333,-0.024744384
0.001254667,-0.036281864
0.001256,-0.048896454
0.001257333,-0.057005841
0.001258667,-0.061872472
0.00126,-0.062902493
0.001261333,-0.063100117
0.001262667,-0.069646814
0.001264,-0.068843623
0.001265333,-0.059705283
0.001266667,-0.057608701
0.001268,-0.046693118
0.001269333,-0.033013139
0.001270667,-0.019738545
0.001272,-0.006617302
0.001273333,0.005959131
0.001274667,0.01942189
0.001276,0.029335585
0.001277333,0.043098757
0.001278667,0.051640132
0.00128,0.061965752
0.001281333,0.069833156
0.001282667,0.067539216
0.001284,0.067495307
0.001285333,0.068729733
0.001286667,0.055553491
0.001288,0.043575456
0.001289333,0.021864664
0.001290667,-0.002819352
0.001292,-0.022947034
0.001293333,-0.055358367
0.001294667,-0.086067625
0.001296,-0.113031607
0.001297333,-0.143703747
0.001298667,-0.166518028
0.0013,-0.19321788
0.001301333,-0.205346963
0.001302667,-0.202111461
0.001304,-0.197575529
0.001305333,-0.181059526
0.001306667,-0.145158491
0.001308,-0.104012033
0.001309333,-0.056581075
0.001310667,-0.002451117
0.001312,0.060217906
0.001313333,0.126674839
0.001314667,0.185484991
0.001316,0.246621971
0.001317333,0.305715345
0.001318667,0.352132005
0.00132,0.386572057
0.001321333,0.410792691
0.001322667,0.422579286
0.001324,0.418630214
0.001325333,0.391456449
0.001326667,0.351513199
0.001328,0.292520008
0.001329333,0.225417536
0.001330667,0.15149095
0.001332,0.071695503
0.001333333,-0.013547096
0.001334667,-0.099569069
0.001336,-0.175476163
0.001337333,-0.25057674
0.001338667,-0.314500762
0.00134,-0.360337395
0.001341333,-0.393880018
0.001342667,-0.41422576
0.001344,-0.41621944
0.001345333,-0.411806905
0.001346667,-0.38849637
0.001348,-0.345608777
0.001349333,-0.300051807
0.001350667,-0.238283948
0.001352,-0.176025231
0.001353333,-0.118594952
0.001354667,-0.058670809
0.001356,-0.004910616
0.001357333,0.039791718
0.001358667,0.082853083
0.00136,0.114170885
0.001361333,0.138025636
0.001362667,0.153904158
0.001364,0.157485414
0.001365333,0.157739943
0.001366667,0.149700092
0.001368,0.136698812
0.001369333,0.120900143
0.001370667,0.097141103
0.001372,0.070759984
0.001373333,0.046297656
0.001374667,0.024906026
0.001376,0.002481958
0.001377333,-0.01886113
0.001378667,-0.0349376
0.00138,-0.044113524
0.001381333,-0.051926442
0.001382667,-0.060102728
0.001384,-0.058439781
0.001385333,-0.057692313
0.001386667,-0.05395
0.001388,-0.044592384
0.001389333,-0.032540319
0.001390667,-0.021932587
0.001392,-0.01608531
0.001393333,-0.001989288
0.001394667,0.009237283
0.001396,0.015722712
0.001397333,0.026453018
0.001398667,0.037331523
0.0014,0.045958209
0.001401333,0.047595436
0.001402667,0.042982399
0.001404,0.043162848
0.001405333,0.051696899
0.001406667,0.053825828
0.001408,0.051152248
0.001409333,0.044967802
0.001410667,0.033696504
0.001412,0.026315752
0.001413333,0.018539982
0.001414667,0.0068066
0.001416,-0.002857125
0.001417333,-0.014799951
0.001418667,-0.029402028
0.00142,-0.039611005
0.001421333,-0.0424236
0.001422667,-0.040068862
0.001424,-0.042406155
0.001425333,-0.05235351
0.001426667,-0.052466581
0.001428,-0.049111807
0.001429333,-0.041747858
0.001430667,-0.032535986
0.001432,-0.025834567
0.001433333,-0.022247208
0.001434667,-0.017188102
0.001436,-0.009778955
0.001437333,-0.004240525
0.001438667,0.001055874
0.00144,0.005380868
0.001441333,0.009175147
0.001442667,0.014784461
0.001444,0.023674912
0.001445333,0.024710268
0.001446667,0.022138234
0.001448,0.022020576
0.001449333,0.021865303
0.001450667,0.01757448
0.001452,0.014703934
0.001453333,0.010209793
0.001454667,0.008278003
0.001456,0.007275659
0.001457333,0.002376441
0.001458667,-0.003055419
0.00146,-0.007647461
0.001461333,-0.013186146
0.001462667,-0.01764052
0.001464,-0.020081332
0.001465333,-0.025298663
0.001466667,-0.028206085
0.001468,-0.027972253
0.001469333,-0.023967662
0.001470667,-0.021201457
0.001472,-0.01890703
0.001473333,-0.014394082
0.001474667,-0.012111317
0.001476,-0.00996948
0.001477333,-0.008536781
0.001478667,-0.003670678
0.00148,0.000479789
0.001481333,-0.005160763
0.001482667,-0.002504565
0.001484,0.006442667
0.001485333,0.006558987
0.001486667,0.010625915
0.001488,0.012925017
0.001489333,0.016817306
0.001490667,0.013526154
0.001492,0.00864008
0.001493333,0.005408639
0.001494667,0.002675933
0.001496,0.000290372
0.001497333,-0.002721042
0.001498667,-0.003606963
0.0015,-0.004618819
0.001501333,-0.008360914
0.001502667,-0.008658459
0.001504,-0.013998724
0.001505333,-0.016506987
0.001506667,-0.015052683
0.001508,-0.016683501
0.001509333,-0.020242068
0.001510667,-0.016550053
0.001512,-0.013837006
0.001513333,-0.012534189
0.001514667,-0.010481387
0.001516,-0.010307379
0.001517333,-0.009509358
0.001518667,-0.004786988
0.00152,-0.006866203
0.001521333,-0.006450607
0.001522667,-0.003623632
0.001524,-0.002853212
0.001525333,-0.001963969
0.001526667,-0.002248646
0.001528,-0.001753179
0.001529333,0.003512391
0.001530667,0.001855329
0.001532,0.003138442
0.001533333,0.00665767
0.001534667,0.004820264
0.001536,0.006276032
0.001537333,0.004079464
0.001538667,0.005336301
0.00154,-0.001571444
0.001541333,-0.004808205
0.001542667,-0.003284814
0.001544,-0.005757263
0.001545333,-0.005516376
0.001546667,-0.012641407
0.001548,-0.015774411
0.001549333,-0.0134433
0.001550667,-0.010100703
0.001552,-0.009384168
0.001553333,-0.008790336
0.001554667,-0.012183384
0.001556,-0.016304844
0.001557333,-0.014103082
0.001558667,-0.010242269
0.00156,-0.006234421
0.001561333,-0.004175481
0.001562667,-0.00113109
0.001564,-0.002267737
0.001565333,-0.001543341
0.001566667,0.004525337
0.001568,0.004808825
0.001569333,-0.000579094
0.001570667,0.002024802
0.001572,0.002536418
0.001573333,-0.003429174
0.001574667,-0.002668806
0.001576,-7.41E-05
0.001577333,-0.00056126
0.001578667,-0.005592975
0.00158,-0.00517415
0.001581333,-0.001705739
0.001582667,-0.000593331
0.001584,-0.002465613
0.001585333,-0.004979659
0.001586667,-0.007604508
0.001588,-0.01006792
0.001589333,-0.008472208
0.001590667,-0.008204308
0.001592,-0.004962398
0.001593333,-0.005387232
0.001594667,-0.002071972
0.001596,-0.003937597
0.001597333,-0.00319847
0.001598667,-0.000790233
0.0016,0.000870424
0.001601333,0.004282041
0.001602667,0.000645471
0.001604,-0.000615258
0.001605333,-0.004710641
0.001606667,-0.005098247
0.001608,-0.004364377
0.001609333,-0.005589717
0.001610667,-0.00534331
0.001612,-0.005181058
0.001613333,-0.004912238
0.001614667,-0.009406041
0.001616,-0.007105225
0.001617333,-0.00593651
0.001618667,-0.00615337
0.00162,-0.008100676
0.001621333,-0.004556217
0.001622667,-0.003602597
0.001624,-0.006619477
0.001625333,-0.004852911
0.001626667,-0.007999445
0.001628,-0.011478427
0.001629333,-0.008325614
0.001630667,-0.007432946
0.001632,-0.006279468
0.001633333,-0.005656488
0.001634667,-0.005049807
0.001636,-0.007942987
0.001637333,-0.004154797
0.001638667,-0.001452235
0.00164,-0.002600228
0.001641333,-0.004374684
0.001642667,-0.003075862
0.001644,-0.00469539
0.001645333,-0.006661564
0.001646667,-0.007060712
0.001648,-0.006816038
0.001649333,-0.005155317
0.001650667,-0.004853705
0.001652,-0.00229053
0.001653333,-0.002989844
0.001654667,-0.005536239
0.001656,-0.006682677
0.001657333,-0.006300474
0.001658667,-0.009138582
0.00166,-0.007083489
0.001661333,-0.002418685
0.001662667,-0.002454665
0.001664,-0.00523469
0.001665333,-0.005121822
0.001666667,-0.002594078
0.001668,-0.007019725
0.001669333,-0.007375215
0.001670667,-0.007695906
0.001672,-0.009330211
0.001673333,-0.007779571
0.001674667,-0.005547023
0.001676,-0.002232914
0.001677333,-0.002236588
0.001678667,0.001531399
0.00168,0.002313978
0.001681333,0.001797159
0.001682667,0.002635857
0.001684,-0.002532305
0.001685333,-0.006406338
0.001686667,-0.004726464
0.001688,-0.00418692
0.001689333,-0.005988565
0.001690667,-0.002226613
0.001692,0.000414223
0.001693333,-0.002205605
0.001694667,-0.005813477
0.001696,-0.001448737
0.001697333,0.000161383
0.001698667,-0.005846359
0.0017,-0.004739712
0.001701333,-0.004060137
0.001702667,-0.004543166
0.001704,-0.001129713
0.001705333,-0.003328492
0.001706667,-0.012124759
0.001708,-0.012677236
0.001709333,-0.007091925
0.001710667,-0.005954771
0.001712,-0.002689114
0.001713333,-0.001017223
0.001714667,-0.000436145
0.001716,0.000343446
0.001717333,-0.000120473
0.001718667,-0.00106673
0.00172,-0.00274471
0.001721333,-0.002655865
0.001722667,-0.003501323
0.001724,-0.005959035
0.001725333,-0.006937652
0.001726667,-0.008191757
0.001728,-0.005823663
0.001729333,-0.005215958
0.001730667,0.001270385
0.001732,0.001672897
0.001733333,-0.002113448
0.001734667,-0.002066599
0.001736,-0.00356945
0.001737333,-0.002265823
0.001738667,-0.005744544
0.00174,-0.007193608
0.001741333,-0.006277505
0.001742667,-0.008956398
0.001744,-0.009742927
0.001745333,-0.014382096
0.001746667,-0.013378399
0.001748,-0.011443518
0.001749333,-0.008676954
0.001750667,-0.005930089
0.001752,-0.007772841
0.001753333,-0.006451317
0.001754667,-0.002487684
0.001756,-0.003299447
0.001757333,0.000466801
0.001758667,-0.000879886
0.00176,-0.003502104
0.001761333,-0.006401285
0.001762667,-0.002347504
0.001764,0.001579663
0.001765333,-0.003931202
0.001766667,-0.004247378
0.001768,-0.006580189
0.001769333,-0.002145268
0.001770667,0.002852783
0.001772,0.004359828
0.001773333,0.00182755
0.001774667,-0.00344973
0.001776,-0.004552198
0.001777333,-0.002686488
0.001778667,-0.004819365
0.00178,-0.006244877
0.001781333,-0.004118429
0.001782667,-0.004850992
0.001784,-0.009084696
0.001785333,-0.009825498
0.001786667,-0.005551176
0.001788,-0.005316853
0.001789333,-0.006584135
0.001790667,-0.006042393
0.001792,-0.002796193
0.001793333,0.000155541
0.001794667,-0.000635959
0.001796,-0.001467162
0.001797333,-0.005534883
0.001798667,-0.005701317
0.0018,-0.003410307
0.001801333,-0.002353023
0.001802667,-0.006826543
0.001804,-0.006513018
0.001805333,-0.000785883
0.001806667,-0.000522455
0.001808,-0.003963787
0.001809333,-0.003085644
0.001810667,-0.001854594
0.001812,0.001296214
0.001813333,0.001156866
0.001814667,-0.001212672
0.001816,-0.004881683
0.001817333,-0.009078983
0.001818667,-0.007960085
0.00182,-0.006103082
0.001821333,-0.007894
0.001822667,-0.009940736
0.001824,-0.009178683
0.001825333,-0.004552164
0.001826667,-0.002158204
0.001828,-0.003874182
0.001829333,-0.005269914
0.001830667,-0.006858446
0.001832,-0.007971987
0.001833333,-0.007558606
0.001834667,-0.003537385
0.001836,0.002851573
0.001837333,0.001035543
0.001838667,0.000318664
0.00184,0.000137289
0.001841333,-0.003482421
0.001842667,0.000374765
0.001844,0.003475874
0.001845333,-0.000556809
0.001846667,-0.001999394
0.001848,-0.005100199
0.001849333,-0.006562475
0.001850667,-0.006420457
0.001852,-0.004551937
0.001853333,-0.003477065
0.001854667,-0.009026797
0.001856,-0.007580546
0.001857333,-0.008144615
0.001858667,-0.009986303
0.00186,-0.009063588
0.001861333,-0.006207898
0.001862667,-0.004801014
0.001864,-0.003963459
0.001865333,-0.002304418
0.001866667,-0.004704269
0.001868,-0.003138732
0.001869333,0.002493026
0.001870667,3.59E-05
0.001872,-0.002106568
0.001873333,-0.004032318
0.001874667,-0.009308485
0.001876,-0.008174622
0.001877333,-0.00239618
0.001878667,-0.002916599
0.00188,-0.001080795
0.001881333,-0.003521049
0.001882667,-0.005643959
0.001884,-0.010410881
0.001885333,-0.010110994
0.001886667,-0.005113187
0.001888,-0.005632858
0.001889333,-0.004211106
0.001890667,-0.008886073
0.001892,-0.006063213
0.001893333,-0.0007751
0.001894667,-0.003934864
0.001896,-0.003871397
0.001897333,-0.002905718
0.001898667,-0.002933313
0.0019,-0.005067301
0.001901333,-0.004299065
0.001902667,-0.003361568
0.001904,-0.005631924
0.001905333,-0.007156736
0.001906667,-0.007435952
0.001908,-0.008466721
0.001909333,-0.008755551
0.001910667,-0.007781364
0.001912,-0.005268733
0.001913333,-0.003283977
0.001914667,-0.006381377
0.001916,-0.006714554
0.001917333,-0.006945855
0.001918667,-0.005022033
0.00192,-0.005156486
0.001921333,-0.000106555
0.001922667,-0.000931173
0.001924,-0.002555259
0.001925333,-0.004096528
0.001926667,-0.010573711
0.001928,-0.007154661
0.001929333,-0.004421396
0.001930667,0.000863281
0.001932,0.003410693
0.001933333,0.000447694
0.001934667,-0.001123525
0.001936,-0.001921866
0.001937333,-0.002235301
0.001938667,-0.005545644
0.00194,-0.003279105
0.001941333,-0.006536773
0.001942667,-0.009546794
0.001944,-0.002793019
0.001945333,-0.003974595
0.001946667,2.89E-05
0.001948,-0.009959052
0.001949333,-0.004643759
0.001950667,-0.021580343
0.001952,0.006568115
0.001953333,-0.025707451
0.001954667,0.03308398
0.001956,-0.221425991
0.001957333,-1.080940076
0.001958667,-1.191704598
0.00196,-1.146119152
0.001961333,-1.195256048
0.001962667,-1.130611974
0.001964,-1.234818322
0.001965333,-0.716128396
0.001966667,0.933461302
0.001968,1.204035605
0.001969333,1.153602729
0.001970667,1.182391445
0.001972,1.161314462
0.001973333,1.177032524
0.001974667,1.164915275
0.001976,1.173709027
0.001977333,1.167468749
0.001978667,1.171496738
0.00198,1.168953119
0.001981333,1.170757348
0.001982667,1.169915569
0.001984,1.171498355
0.001985333,1.159416483
0.001986667,1.020255713
0.001988,0.871540583
0.001989333,0.74921887
0.001990667,0.638294051
0.001992,0.547210598
0.001993333,0.464378473
0.001994667,0.399411076
0.001996,0.340597395
0.001997333,0.284863656
0.001998667,0.237948401
0.002,0.19498817
0.002001333,0.16285322
0.002002667,0.132267552
0.002004,0.103622251
0.002005333,0.079064838
0.002006667,0.056368535
0.002008,0.038259282
0.002009333,0.023936014
0.002010667,0.011188925
0.002012,0.003180023
0.002013333,-0.001246749
0.002014667,-0.0104994
0.002016,-0.014554413
0.002017333,-0.013506359
0.002018667,-0.009639613
0.00202,-0.008522719
0.002021333,-0.008968728
0.002022667,-0.006617906
0.002024,0.002829275
0.002025333,0.007881692
0.002026667,0.013103267
0.002028,0.016763174
0.002029333,0.013343138
0.002030667,0.020664821
0.002032,0.020368085
0.002033333,0.022113308
0.002034667,0.020520554
0.002036,0.022573014
0.002037333,0.021285072
0.002038667,0.014272325
0.00204,0.012201923
0.002041333,0.010310889
0.002042667,0.005263142
0.002044,6.85E-05
0.002045333,-0.001482183
0.002046667,-0.009712092
0.002048,-0.006765104
0.002049333,-0.010235724
0.002050667,-0.008512159
0.002052,-0.008283475
0.002053333,-0.01051463
0.002054667,-0.010194262
0.002056,-0.007010604
0.002057333,-0.00111369
0.002058667,-0.004100951
0.00206,-0.005288403
0.002061333,-0.006070019
0.002062667,-0.008123915
0.002064,-0.011737594
0.002065333,-0.005449389
0.002066667,-0.004446214
0.002068,-0.001884051
0.002069333,-0.003407478
0.002070667,-0.006001861
0.002072,-0.004168304
0.002073333,-0.001946646
0.002074667,-0.002790716
0.002076,-0.008107851
0.002077333,-0.007980298
0.002078667,-0.007723938
0.00208,-0.004162798
0.002081333,-0.000538141
0.002082667,0.000183396
0.002084,-0.005842389
0.002085333,-0.011233808
0.002086667,-0.00683346
0.002088,-0.005763343
0.002089333,-0.002205714
0.002090667,-0.002091553
0.002092,-0.006209679
0.002093333,-0.008945193
0.002094667,-0.012334589
0.002096,-0.014679355
0.002097333,-0.006080665
0.002098667,0.001710174
0.0021,0.003190228
0.002101333,0.00056766
0.002102667,0.000259871
0.002104,-0.000562614
0.002105333,-0.005042659
0.002106667,-0.005929
0.002108,-0.006268444
0.002109333,-0.006926263
0.002110667,-0.005288294
0.002112,-0.00959723
0.002113333,-0.014125162
0.002114667,-0.006786358
0.002116,-0.006126819
0.002117333,-0.00614847
0.002118667,-0.006798799
0.00212,-0.010036361
0.002121333,-0.009074343
0.002122667,-0.003529164
0.002124,-0.006066039
0.002125333,-0.006563277
0.002126667,-0.005884774
0.002128,-0.00577995
0.002129333,-0.003975924
0.002130667,-0.002557306
0.002132,-0.003969202
0.002133333,-0.005087134
0.002134667,-0.002644145
0.002136,-0.007222857
0.002137333,-0.012317481
0.002138667,-0.010657725
0.00214,-0.01204924
0.002141333,-0.006577161
0.002142667,-0.005650631
0.002144,-0.010692181
0.002145333,-0.011227934
0.002146667,-0.01128192
0.002148,-0.008311429
0.002149333,-0.00907402
0.002150667,-0.010654038
0.002152,-0.009212803
0.002153333,-0.009527221
0.002154667,-0.008005338
0.002156,-0.001878579
0.002157333,-0.001368529
0.002158667,0.004265282
0.00216,0.002033098
0.002161333,-0.002793894
0.002162667,-0.002227566
0.002164,-0.004505431
0.002165333,-0.003898635
0.002166667,-0.006232628
0.002168,-0.008268008
0.002169333,-0.009161365
0.002170667,-0.006215714
0.002172,-0.005032532
0.002173333,-0.004471408
0.002174667,-0.006787726
0.002176,-0.006307854
0.002177333,-0.004781304
0.002178667,-0.008567897
0.00218,-0.005103094
0.002181333,-0.004252452
0.002182667,-0.005287711
0.002184,-0.003564672
0.002185333,-0.008202685
0.002186667,-0.007903846
0.002188,-0.003982348
0.002189333,-0.003684543
0.002190667,-0.005105473
0.002192,-0.006483755
0.002193333,-0.005535243
0.002194667,-0.005062668
0.002196,-0.004520985
0.002197333,-0.003706102
0.002198667,-0.005264942
0.0022,-0.006067755
0.002201333,-0.008949788
0.002202667,-0.007669283
0.002204,-0.001570824
0.002205333,-0.000100063
0.002206667,-0.000281256
0.002208,-0.002748232
0.002209333,-0.006209932
0.002210667,-0.005640232
0.002212,-0.00336962
0.002213333,0.000851364
0.002214667,0.001080208
0.002216,0.000218035
0.002217333,-0.002234418
0.002218667,-0.00693904
0.00222,-0.010590984
0.002221333,-0.011091266
0.002222667,-0.010668078
0.002224,-0.007852363
0.002225333,-0.002136111
0.002226667,-0.002833986
0.002228,-0.000400729
0.002229333,-0.003031014
0.002230667,-0.003146679
0.002232,-0.005526422
0.002233333,-0.010139823
0.002234667,-0.009210368
0.002236,-0.004614172
0.002237333,-0.00255833
0.002238667,-0.004240357
0.00224,-0.001201461
0.002241333,-0.002274003
0.002242667,-0.001845883
0.002244,-0.0049947
0.002245333,-0.009734121
0.002246667,-0.013544329
0.002248,-0.009091592
0.002249333,-0.007138152
0.002250667,-0.00322186
0.002252,-0.004717661
0.002253333,-0.003141266
0.002254667,-0.005019093
0.002256,-0.004388548
0.002257333,-0.000839192
0.002258667,0.00047176
0.00226,-0.000299748
0.002261333,-0.001514386
0.002262667,-0.001872243
0.002264,-0.00441367
0.002265333,-0.004001297
0.002266667,-0.002305342
0.002268,-0.003230495
0.002269333,-0.004074108
0.002270667,-0.004820467
0.002272,-0.005676377
0.002273333,-0.010556798
0.002274667,-0.010962309
0.002276,-0.013466165
0.002277333,-0.014032384
0.002278667,-0.010012601
0.00228,-0.011408996
0.002281333,-0.012840936
0.002282667,-0.012089222
0.002284,-0.010133411
0.002285333,-0.008580767
0.002286667,-0.002176525
0.002288,-0.004471839
0.002289333,-0.007941725
0.002290667,-0.007683551
0.002292,-0.007580406
0.002293333,-0.003219301
0.002294667,-0.00397761
0.002296,-0.007559175
0.002297333,-0.005729716
0.002298667,-0.005013814
0.0023,-0.006619893
0.002301333,-0.004586573
0.002302667,-0.002267996
0.002304,-0.003202515
0.002305333,0.00367223
0.002306667,0.000103055
0.002308,-0.002328898
0.002309333,0.001787109
0.002310667,-0.001264885
0.002312,-0.002945247
0.002313333,-0.003293324
0.002314667,-0.007505682
0.002316,-0.007646857
0.002317333,-0.006645002
0.002318667,-0.006727428
0.00232,-0.009559111
0.002321333,-0.009549753
0.002322667,-0.005344249
0.002324,-0.005639317
0.002325333,-0.001355443
0.002326667,-0.004899542
0.002328,-0.004620683
0.002329333,-0.001107707
0.002330667,-0.004138229
0.002332,-0.001395518
0.002333333,-0.00406916
0.002334667,-0.00539058
0.002336,-0.005432745
0.002337333,-0.006160449
0.002338667,-0.008904564
0.00234,-0.008645461
0.002341333,-0.005949156
0.002342667,-0.0057089
0.002344,-0.009073129
0.002345333,-0.004669869
0.002346667,-0.004462044
0.002348,-0.002015816
0.002349333,-0.001225497
0.002350667,-0.00354447
0.002352,-0.003093765
0.002353333,-0.007411618
0.002354667,-0.007593482
0.002356,-0.006760048
0.002357333,0.000909097
0.002358667,0.003362785
0.00236,0.0007885
0.002361333,0.000129548
0.002362667,-0.003659365
0.002364,-0.001503394
0.002365333,-0.000467454
0.002366667,-0.004691317
0.002368,-0.005520366
0.002369333,-0.00053924
0.002370667,0.001828909
0.002372,-0.000612685
0.002373333,-0.008038701
0.002374667,-0.004565872
0.002376,-0.009207176
0.002377333,-0.012496176
0.002378667,-0.004984565
0.00238,-0.010745159
0.002381333,-0.010813286
0.002382667,-0.011443332
0.002384,-0.01058278
0.002385333,-0.008316629
0.002386667,-0.00820012
0.002388,-0.006033369
0.002389333,-0.004587198
0.002390667,-0.002419993
0.002392,-0.00222739
0.002393333,-0.001388611
0.002394667,-0.001196097
0.002396,-0.001207539
0.002397333,0.004649427
0.002398667,0.003502362
0.0024,0.001480652
0.002401333,0.001668266
0.002402667,0.001291111
0.002404,-0.001422649
0.002405333,-0.003889095
0.002406667,0.000591207
0.002408,0.002108721
0.002409333,-3.72E-06
0.002410667,-0.000712424
0.002412,-6.09E-05
0.002413333,0.000155208
0.002414667,-0.001806908
0.002416,-0.011364907
0.002417333,-0.015132021
0.002418667,-0.013030173
0.00242,-0.015142899
0.002421333,-0.018151655
0.002422667,-0.018916876
0.002424,-0.021006217
0.002425333,-0.01790237
0.002426667,-0.01679224
0.002428,-0.013365119
0.002429333,-0.011045064
0.002430667,-0.013543036
0.002432,-0.009259107
0.002433333,-0.0063548
0.002434667,-0.002441739
0.002436,0.004404494
0.002437333,0.008571776
0.002438667,0.011011001
0.00244,0.012892095
0.002441333,0.011826096
0.002442667,0.011702913
0.002444,0.016263458
0.002445333,0.018622127
0.002446667,0.01363859
0.002448,0.011897066
0.002449333,0.014027972
0.002450667,0.009825225
0.002452,0.005662192
0.002453333,0.007022679
0.002454667,0.001058149
0.002456,-0.01077646
0.002457333,-0.013387684
0.002458667,-0.013516139
0.00246,-0.019397322
0.002461333,-0.024788389
0.002462667,-0.022634818
0.002464,-0.026571089
0.002465333,-0.031958888
0.002466667,-0.028672146
0.002468,-0.02987171
0.002469333,-0.026644411
0.002470667,-0.02402499
0.002472,-0.024205747
0.002473333,-0.019030584
0.002474667,-0.017368097
0.002476,-0.011471688
0.002477333,-0.003251099
0.002478667,0.005192847
0.00248,0.008712601
0.002481333,0.012191295
0.002482667,0.021524133
0.002484,0.026368908
0.002485333,0.026378154
0.002486667,0.026476756
0.002488,0.025734278
0.002489333,0.027373113
0.002490667,0.026218331
0.002492,0.025474011
0.002493333,0.020441925
0.002494667,0.014475169
0.002496,0.011816324
0.002497333,0.002543396
0.002498667,-0.004409148
0.0025,-0.019860229
0.002501333,-0.032508826
0.002502667,-0.038238281
0.002504,-0.040356226
0.002505333,-0.042946045
0.002506667,-0.049065331
0.002508,-0.052653108
0.002509333,-0.051760723
0.002510667,-0.054110157
0.002512,-0.056390779
0.002513333,-0.053025413
0.002514667,-0.043422091
0.002516,-0.033705817
0.002517333,-0.028593008
0.002518667,-0.021278483
0.00252,-0.007465019
0.002521333,0.002454578
0.002522667,0.011423971
0.002524,0.023554938
0.002525333,0.034423956
0.002526667,0.044946151
0.002528,0.052770961
0.002529333,0.059252502
0.002530667,0.06342451
0.002532,0.063729375
0.002533333,0.060664175
0.002534667,0.05491227
0.002536,0.049043375
0.002537333,0.042567207
0.002538667,0.028148181
0.00254,0.01908945
0.002541333,0.004874342
0.002542667,-0.0089569
0.002544,-0.024506225
0.002545333,-0.036849128
0.002546667,-0.046814189
0.002548,-0.056840889
0.002549333,-0.068264322
0.002550667,-0.072742606
0.002552,-0.071621803
0.002553333,-0.069835264
0.002554667,-0.061583454
0.002556,-0.049469978
0.002557333,-0.032256971
0.002558667,-0.013191134
0.00256,0.00646673
0.002561333,0.028239236
0.002562667,0.053820464
0.002564,0.081021489
0.002565333,0.105891124
0.002566667,0.13037545
0.002568,0.149084225
0.002569333,0.160281579
0.002570667,0.167976777
0.002572,0.164392754
0.002573333,0.151258141
0.002574667,0.127162141
0.002576,0.097786335
0.002577333,0.062559042
0.002578667,0.019456156
0.00258,-0.02857772
0.002581333,-0.083772346
0.002582667,-0.142689473
0.002584,-0.19427024
0.002585333,-0.238338183
0.002586667,-0.278573042
0.002588,-0.313946986
0.002589333,-0.344470635
0.002590667,-0.362494323
0.002592,-0.372787087
0.002593333,-0.375177064
0.002594667,-0.356869169
0.002596,-0.323831886
0.002597333,-0.279271428
0.002598667,-0.224868866
0.0026,-0.161748151
0.002601333,-0.089074458
0.002602667,-0.017043356
0.002604,0.05699377
0.002605333,0.127590806
0.002606667,0.198381879
0.002608,0.262761613
0.002609333,0.318763091
0.002610667,0.362902639
0.002612,0.39289173
0.002613333,0.414471938
0.002614667,0.423831596
0.002616,0.418218676
0.002617333,0.397415793
0.002618667,0.365990712
0.00262,0.325983215
0.002621333,0.276185621
0.002622667,0.218499109
0.002624,0.155351958
0.002625333,0.090122631
0.002626667,0.021469912
0.002628,-0.046248251
0.002629333,-0.101633616
0.002630667,-0.157222106
0.002632,-0.196205604
0.002633333,-0.230020443
0.002634667,-0.252402627
0.002636,-0.263626502
0.002637333,-0.267828277
0.002638667,-0.260692428
0.00264,-0.246998821
0.002641333,-0.224872361
0.002642667,-0.191130573
0.002644,-0.153882334
0.002645333,-0.11621211
0.002646667,-0.067924601
0.002648,-0.030792665
0.002649333,-0.001994197
0.002650667,0.024169329
0.002652,0.0489971
0.002653333,0.075781233
0.002654667,0.093353341
0.002656,0.103658983
0.002657333,0.102894359
0.002658667,0.099829974
0.00266,0.092707879
0.002661333,0.083784961
0.002662667,0.066395481
0.002664,0.047740445
0.002665333,0.031639481
0.002666667,0.010049266
0.002668,-0.006606461
0.002669333,-0.028521675
0.002670667,-0.043305118
0.002672,-0.057130942
0.002673333,-0.067598934
0.002674667,-0.073784971
0.002676,-0.080395123
0.002677333,-0.075617067
0.002678667,-0.071471207
0.00268,-0.067389768
0.002681333,-0.059016315
0.002682667,-0.05070035
0.002684,-0.040492082
0.002685333,-0.028003529
0.002686667,-0.021226319
0.002688,-0.009492549
0.002689333,0.002121293
0.002690667,0.008061887
0.002692,0.018292796
0.002693333,0.023720525
0.002694667,0.03017493
0.002696,0.038899555
0.002697333,0.039595312
0.002698667,0.039980522
0.0027,0.034363546
0.002701333,0.032487506
0.002702667,0.028170111
0.002704,0.017762291
0.002705333,0.011619176
0.002706667,0.006980262
0.002708,0.001534768
0.002709333,-0.00430366
0.002710667,-0.00703766
0.002712,-0.01432288
0.002713333,-0.019070275
0.002714667,-0.017464844
0.002716,-0.020349347
0.002717333,-0.022366934
0.002718667,-0.023446191
0.00272,-0.027574254
0.002721333,-0.026110189
0.002722667,-0.022783361
0.002724,-0.019613962
0.002725333,-0.01659573
0.002726667,-0.016553278
0.002728,-0.008792369
0.002729333,-0.007605259
0.002730667,-0.003568894
0.002732,0.003872121
0.002733333,0.009963425
0.002734667,0.012198528
0.002736,0.016165977
0.002737333,0.021381845
0.002738667,0.018639051
0.00274,0.020337166
0.002741333,0.017428046
0.002742667,0.014025911
0.002744,0.011925154
0.002745333,0.010097717
0.002746667,0.002175357
0.002748,-0.001078089
0.002749333,-0.003037458
0.002750667,-0.004427441
0.002752,-0.007491939
0.002753333,-0.011821482
0.002754667,-0.013523258
0.002756,-0.015241999
0.002757333,-0.011874849
0.002758667,-0.015091061
0.00276,-0.018187459
0.002761333,-0.018381998
0.002762667,-0.018725752
0.002764,-0.012515797
0.002765333,-0.011566366
0.002766667,-0.014622014
0.002768,-0.009423114
0.002769333,-0.009800606
0.002770667,-0.010961991
0.002772,-0.007308409
0.002773333,-0.004269983
0.002774667,-0.004917611
0.002776,-0.000566214
0.002777333,0.002700338
0.002778667,0.004656799
0.00278,0.007699448
0.002781333,0.004438642
0.002782667,0.001809408
0.002784,-0.000525496
0.002785333,-0.004676983
0.002786667,-0.000311686
0.002788,-0.001648923
0.002789333,-0.003242738
0.002790667,-0.00121466
0.002792,-0.003943353
0.002793333,-0.002964245
0.002794667,-5.09E-05
0.002796,-0.00181294
0.002797333,-0.004404858
0.002798667,-0.007885932
0.0028,-0.009754509
0.002801333,-0.008143073
0.002802667,-0.010300879
0.002804,-0.011306893
0.002805333,-0.01652407
0.002806667,-0.010853795
0.002808,-0.009657834
0.002809333,-0.01169305
0.002810667,-0.010766851
0.002812,-0.012769694
0.002813333,-0.008524773
0.002814667,-0.005316365
0.002816,-0.003610624
0.002817333,-0.001899663
0.002818667,0.00335315
0.00282,0.003211801
0.002821333,-0.000207765
0.002822667,-0.003779659
0.002824,-0.000684609
0.002825333,0.00285713
0.002826667,8.57E-06
0.002828,-0.002034304
0.002829333,-0.001659949
0.002830667,-0.00029852
0.002832,0.000431254
0.002833333,-0.003603607
0.002834667,-0.006010088
0.002836,-0.004779835
0.002837333,-0.006292396
0.002838667,-0.006462202
0.00284,-0.004443277
0.002841333,-0.008711242
0.002842667,-0.010588308
0.002844,-0.004477016
0.002845333,-0.00291696
0.002846667,-0.008603853
0.002848,-0.007411263
0.002849333,-0.007542118
0.002850667,-0.002884285
0.002852,-0.002809933
0.002853333,-0.005328094
0.002854667,-0.002419209
0.002856,0.000358595
0.002857333,0.000612685
0.002858667,-0.001261478
0.00286,-0.006119833
0.002861333,-0.010844898
0.002862667,-0.00737711
0.002864,-0.002775765
0.002865333,-0.002024936
0.002866667,-0.007028455
0.002868,-0.005056324
0.002869333,-0.004785043
0.002870667,-0.000964376
0.002872,-0.000708108
0.002873333,-0.006099375
0.002874667,-0.006788784
0.002876,-0.006040127
0.002877333,-0.003397105
0.002878667,-0.003335146
0.00288,-0.00430992
0.002881333,-0.008961214
0.002882667,-0.007264305
0.002884,-0.007133159
0.002885333,-0.009432491
0.002886667,-0.00315771
0.002888,-0.003041402
0.002889333,-0.002874495
0.002890667,0.000839015
0.002892,-0.001422733
0.002893333,-0.004229374
0.002894667,-0.002860263
0.002896,0.000260277
0.002897333,0.001049974
0.002898667,-0.003020141
0.0029,-0.004466816
0.002901333,-0.002713297
0.002902667,-0.006318918
0.002904,-0.004492402
0.002905333,-0.004621863
0.002906667,-0.005806469
0.002908,-0.007550499
0.002909333,-0.0062353
0.002910667,-0.00524314
0.002912,-0.008052597
0.002913333,-0.012448109
0.002914667,-0.014216471
0.002916,-0.011196902
0.002917333,-0.00913706
0.002918667,-0.008250545
0.00292,-0.006071284
0.002921333,-0.005972327
0.002922667,-0.010240598
0.002924,-0.004056378
0.002925333,-0.005460783
0.002926667,-0.004259318
0.002928,-0.005233164
0.002929333,-0.004518579
0.002930667,0.00082817
0.002932,0.001475022
0.002933333,-0.001243073
0.002934667,-7.06E-05
0.002936,-0.002357094
0.002937333,-0.002313442
0.002938667,-0.002717346
0.00294,-0.001207067
0.002941333,-0.002480164
0.002942667,-0.001467673
0.002944,-0.001185255
0.002945333,0.002369644
0.002946667,0.003064517
0.002948,-0.002044328
0.002949333,-0.003843138
0.002950667,-0.010340558
0.002952,-0.008823545
0.002953333,-0.009829804
0.002954667,-0.009177033
0.002956,-0.011870415
0.002957333,-0.013405474
0.002958667,-0.009684894
0.00296,-0.010693473
0.002961333,-0.005263258
0.002962667,-0.003571748
0.002964,-0.004756466
0.002965333,-0.000198458
0.002966667,-0.003656212
0.002968,-0.00447389
0.002969333,-0.004211732
0.002970667,-0.003061081
0.002972,-0.001256636
0.002973333,0.000972161
0.002974667,-0.001138142
0.002976,0.00112305
0.002977333,0.00485475
0.002978667,0.002292444
0.00298,-0.002822127
0.002981333,-0.004475072
0.002982667,-0.004547199
0.002984,-0.006993894
0.002985333,-0.007609798
0.002986667,-0.003476617
0.002988,-0.006195721
0.002989333,-0.008850591
0.002990667,-0.010792895
0.002992,-0.00795425
0.002993333,-0.006350597
0.002994667,-0.010842225
0.002996,-0.00983906
0.002997333,-0.008985544
0.002998667,-0.010189138
0.003,-0.005753854
0.003001333,-0.00448761
0.003002667,-0.003649831
0.003004,-0.00624305
0.003005333,-0.004501742
0.003006667,-0.004410735
0.003008,-0.00090444
0.003009333,0.003156175
0.003010667,-0.002961139
0.003012,-0.005105573
0.003013333,-0.000226504
0.003014667,0.001731088
0.003016,0.003689662
0.003017333,0.004822105
0.003018667,-0.004091057
0.00302,-0.003647381
0.003021333,-0.003224554
0.003022667,-0.010002401
0.003024,-0.007656763
0.003025333,-0.004101528
0.003026667,-0.005245574
0.003028,-0.003159617
0.003029333,-0.006941498
0.003030667,-0.013394104
0.003032,-0.010882622
0.003033333,-0.007032977
0.003034667,-0.004445792
0.003036,-0.004021432
0.003037333,0.002622825
0.003038667,0.002123395
0.00304,-0.001648278
0.003041333,-0.003529817
0.003042667,0.001455097
0.003044,-0.000516452
0.003045333,-0.00294942
0.003046667,0.000749702
0.003048,-0.000843623
0.003049333,-0.002527055
0.003050667,-0.004690791
0.003052,-0.00655911
0.003053333,-0.006441813
0.003054667,-0.007614685
0.003056,-0.004872641
0.003057333,-0.002123421
0.003058667,-0.000883326
0.00306,0.000136146
0.003061333,-0.002106962
0.003062667,-0.00281506
0.003064,-0.003198472
0.003065333,0.000276769
0.003066667,-0.002793936
