time,mV
0.0000000,-1.052843455
0.0000013,-1.162733528
0.0000027,-1.17437716
0.0000040,0.040536707
0.0000053,1.225551777
0.0000067,1.12825672
0.0000080,1.19697351
0.0000093,1.154106483
0.0000107,1.180156013
0.0000120,1.16513987
0.0000133,1.172776694
0.0000147,1.169338864
0.0000160,1.169812892
0.0000173,1.170297705
0.0000187,1.169419441
0.0000200,1.170772993
0.0000213,1.169880293
0.0000227,1.170911811
0.0000240,1.169515281
0.0000253,1.172337673
0.0000267,1.147270013
0.0000280,0.964223098
0.0000293,0.753783115
0.0000307,0.574374963
0.0000320,0.419569717
0.0000333,0.287634589
0.0000347,0.17827788
0.0000360,0.092869371
0.0000373,0.025357038
0.0000387,-0.015925104
0.0000400,-0.044968962
0.0000413,-0.060211458
0.0000427,-0.062620404
0.0000440,-0.053340663
0.0000453,-0.044928593
0.0000467,-0.028527223
0.0000480,-0.007236863
0.0000493,0.016511824
0.0000507,0.042238294
0.0000520,0.061995712
0.0000533,0.080345196
0.0000547,0.09546408
0.0000560,0.109454916
0.0000573,0.116759088
0.0000587,0.121955689
0.0000600,0.117557025
0.0000613,0.112756944
0.0000627,0.104346472
0.0000640,0.094962416
0.0000653,0.078348225
0.0000667,0.059186647
0.0000680,0.044266468
0.0000693,0.029654122
0.0000707,0.016891567
0.0000720,-8.81E-05
0.0000733,-0.012113673
0.0000747,-0.022283158
0.0000760,-0.033703775
0.0000773,-0.048112977
0.0000787,-0.057529473
0.0000800,-0.062030138
0.0000813,-0.060320876
0.0000827,-0.057052593
0.0000840,-0.056183188
0.0000853,-0.052856384
0.0000867,-0.03994199
0.0000880,-0.029973377
0.0000893,-0.016770612
0.0000907,-0.005260855
0.0000920,0.003756048
0.0000933,0.014653944
0.0000947,0.024403888
0.0000960,0.037430546
0.0000973,0.043706582
0.0000987,0.039677549
0.0001000,0.044064416
0.0001013,0.051631558
0.0001027,0.054448082
0.0001040,0.058119751
0.0001053,0.049668996
0.0001067,0.040661743
0.0001080,0.034986098
0.0001093,0.021885618
0.0001107,0.015575774
0.0001120,0.006491243
0.0001133,0.004859081
0.0001147,-0.002033842
0.0001160,-0.009976829
0.0001173,-0.01295543
0.0001187,-0.017056322
0.0001200,-0.017854982
0.0001213,-0.022835733
0.0001227,-0.025633371
0.0001240,-0.029438906
0.0001253,-0.029126922
0.0001267,-0.022409028
0.0001280,-0.022509966
0.0001293,-0.024209506
0.0001307,-0.017479298
0.0001320,-0.010628837
0.0001333,-0.001652754
0.0001347,0.004037181
0.0001360,0.006683238
0.0001373,0.012163903
0.0001387,0.016846594
0.0001400,0.023926757
0.0001413,0.029714448
0.0001427,0.034449875
0.0001440,0.032447607
0.0001453,0.031793118
0.0001467,0.02933275
0.0001480,0.022255162
0.0001493,0.023261596
0.0001507,0.020335674
0.0001520,0.017015705
0.0001533,0.007849406
0.0001547,0.004939365
0.0001560,0.003851285
0.0001573,-0.004374983
0.0001587,-0.009420482
0.0001600,-0.00656294
0.0001613,-0.011997761
0.0001627,-0.013015637
0.0001640,-0.012874059
0.0001653,-0.016077364
0.0001667,-0.020309523
0.0001680,-0.01923263
0.0001693,-0.019427683
0.0001707,-0.013528923
0.0001720,-0.010916767
0.0001733,-0.010800745
0.0001747,-0.00024675
0.0001760,0.002278764
0.0001773,0.005356086
0.0001787,0.008778282
0.0001800,0.012273285
0.0001813,0.011056867
0.0001827,0.01403535
0.0001840,0.017550348
0.0001853,0.011827122
0.0001867,0.015582839
0.0001880,0.016818707
0.0001893,0.012654659
0.0001907,0.014558732
0.0001920,0.013844434
0.0001933,0.010680295
0.0001947,0.007081212
0.0001960,0.002216554
0.0001973,-0.001280241
0.0001987,0.001002342
0.0002000,0.007997658
0.0002013,0.001150196
0.0002027,-0.007128428
0.0002040,-0.00500655
0.0002053,-0.00630124
0.0002067,-0.005640072
0.0002080,-0.005850178
0.0002093,-0.005009487
0.0002107,-0.004354816
0.0002120,-0.006965941
0.0002133,-0.00070642
0.0002147,-6.73E-05
0.0002160,0.00281802
0.0002173,0.005653258
0.0002187,0.001536005
0.0002200,0.006255005
0.0002213,0.004743479
0.0002227,0.010332714
0.0002240,0.01243355
0.0002253,0.013139497
0.0002267,0.009016936
0.0002280,0.006662213
0.0002293,0.009095714
0.0002307,0.008901975
0.0002320,0.008205201
0.0002333,0.007943832
0.0002347,0.014082
0.0002360,0.009397611
0.0002373,0.005565212
0.0002387,0.007302148
0.0002400,0.004870839
0.0002413,0.000358037
0.0002427,-0.003458771
0.0002440,-0.00324835
0.0002453,0.001989038
0.0002467,0.001340025
0.0002480,0.002720432
0.0002493,0.00398569
0.0002507,0.001236868
0.0002520,0.003039143
0.0002533,0.003186056
0.0002547,0.002639469
0.0002560,0.000684709
0.0002573,0.000281877
0.0002587,4.85E-05
0.0002600,0.005449406
0.0002613,0.002915326
0.0002627,0.002301195
0.0002640,0.000262169
0.0002653,-0.002783032
0.0002667,-0.000119455
0.0002680,0.002981158
0.0002693,0.005586487
0.0002707,0.005160664
0.0002720,0.004082038
0.0002733,0.002137191
0.0002747,-0.001590978
0.0002760,0.000961199
0.0002773,0.003559854
0.0002787,0.001893789
0.0002800,-0.000444498
0.0002813,-0.0023515
0.0002827,0.002135141
0.0002840,0.005069871
0.0002853,0.006638338
0.0002867,0.008091672
0.0002880,0.005975015
0.0002893,0.008300136
0.0002907,0.006136039
0.0002920,0.005455346
0.0002933,0.000494041
0.0002947,0.000323764
0.0002960,-0.0007262
0.0002973,0.000270026
0.0002987,0.004773521
0.0003000,0.002995177
0.0003013,0.004179603
0.0003027,0.003233432
0.0003040,0.001224291
0.0003053,-0.003824319
0.0003067,0.001770915
0.0003080,0.001800825
0.0003093,-0.000908048
0.0003107,-0.000351894
0.0003120,-0.001314575
0.0003133,0.004923507
0.0003147,0.012078743
0.0003160,0.00766557
0.0003173,-2.46E-05
0.0003187,0.000888535
0.0003200,0.000330946
0.0003213,-0.005531647
0.0003227,-0.003399741
0.0003240,-0.001058302
0.0003253,-0.002677542
0.0003267,0.0002218
0.0003280,0.003901305
0.0003293,0.00647446
0.0003307,0.000986936
0.0003320,0.002356099
0.0003333,0.005750539
0.0003347,0.007865538
0.0003360,0.009217109
0.0003373,0.007768576
0.0003387,0.006794863
0.0003400,0.002556242
0.0003413,-0.00443094
0.0003427,0.001498584
0.0003440,0.01126777
0.0003453,0.00650792
0.0003467,0.003194093
0.0003480,0.00057044
0.0003493,-9.40E-05
0.0003507,0.003076397
0.0003520,0.004636156
0.0003533,0.000718488
0.0003547,-0.000870369
0.0003560,0.000903916
0.0003573,0.005145771
0.0003587,-0.000104638
0.0003600,-0.000192684
0.0003613,-0.000424778
0.0003627,-0.00440125
0.0003640,-0.004630201
0.0003653,0.00073968
0.0003667,0.003066307
0.0003680,0.005724538
0.0003693,0.010840773
0.0003707,0.001960394
0.0003720,0.002981734
0.0003733,0.001905899
0.0003747,0.006354977
0.0003760,0.008802636
0.0003773,0.006467155
0.0003787,0.009169914
0.0003800,0.013681507
0.0003813,0.010140561
0.0003827,0.003680691
0.0003840,0.00548366
0.0003853,0.003572505
0.0003867,0.000988983
0.0003880,0.00226633
0.0003893,0.002318982
0.0003907,0.002512077
0.0003920,0.003810483
0.0003933,5.46E-05
0.0003947,-0.005273687
0.0003960,-0.000487857
0.0003973,-0.002071232
0.0003987,-0.003344101
0.0004000,-0.001418963
0.0004013,-0.003724212
0.0004027,-0.000735298
0.0004040,0.000613808
0.0004053,-0.001079704
0.0004067,0.002486009
0.0004080,0.006990359
0.0004093,0.004013782
0.0004107,0.00257103
0.0004120,0.00169959
0.0004133,0.000101476
0.0004147,0.002009536
0.0004160,0.004577756
0.0004173,0.002365342
0.0004187,0.005741266
0.0004200,0.005768368
0.0004213,0.001747989
0.0004227,0.000979716
0.0004240,0.004053821
0.0004253,0.010217961
0.0004267,0.007770135
0.0004280,0.002866018
0.0004293,0.003712502
0.0004307,0.006562379
0.0004320,0.007945275
0.0004333,0.002996335
0.0004347,-0.000587267
0.0004360,0.001044641
0.0004373,0.001005408
0.0004387,0.002786017
0.0004400,0.00548574
0.0004413,0.002137194
0.0004427,0.004348507
0.0004440,0.000370433
0.0004453,-0.001217748
0.0004467,0.00012191
0.0004480,-0.006835152
0.0004493,-0.001261754
0.0004507,-0.000954623
0.0004520,0.000797949
0.0004533,0.003647203
0.0004547,0.006215773
0.0004560,0.004842548
0.0004573,0.001384409
0.0004587,0.004735059
0.0004600,0.006460605
0.0004613,0.006442388
0.0004627,0.008291019
0.0004640,0.010444689
0.0004653,0.009098926
0.0004667,0.005598175
0.0004680,-0.005023001
0.0004693,-0.011703823
0.0004707,-0.002793052
0.0004720,0.003021437
0.0004733,0.005713432
0.0004747,0.00321676
0.0004760,0.003154069
0.0004773,0.001624851
0.0004787,0.002190782
0.0004800,0.004907829
0.0004813,0.00272377
0.0004827,0.005209532
0.0004840,0.003789711
0.0004853,0.002485774
0.0004867,0.000397121
0.0004880,0.001219717
0.0004893,0.002353873
0.0004907,0.002066835
0.0004920,0.003283099
0.0004933,0.003598438
0.0004947,0.003939259
0.0004960,0.006017122
0.0004973,0.001803938
0.0004987,0.002305175
0.0005000,-0.000870151
0.0005013,0.000694707
0.0005027,0.006270204
0.0005040,0.003429458
0.0005053,0.001983276
0.0005067,-0.000639839
0.0005080,0.001006773
0.0005093,0.002203558
0.0005107,0.002999983
0.0005120,0.005157056
0.0005133,0.002616799
0.0005147,-0.00023467
0.0005160,0.001963906
0.0005173,0.001853489
0.0005187,0.001048904
0.0005200,0.00176196
0.0005213,0.004197094
0.0005227,0.00501988
0.0005240,0.002940515
0.0005253,0.002477714
0.0005267,0.00048959
0.0005280,0.000811751
0.0005293,0.006276763
0.0005307,0.005310701
0.0005320,0.005434819
0.0005333,0.00546591
0.0005347,0.004601004
0.0005360,0.004845517
0.0005373,0.007430852
0.0005387,0.005795386
0.0005400,0.01159169
0.0005413,0.007987681
0.0005427,0.005452646
0.0005440,0.010194251
0.0005453,0.003498677
0.0005467,-0.004375366
0.0005480,-0.005591742
0.0005493,-0.001367806
0.0005507,0.001004867
0.0005520,0.001174058
0.0005533,0.00391785
0.0005547,0.00055908
0.0005560,-0.003753057
0.0005573,-0.000775586
0.0005587,-0.006958765
0.0005600,-0.005902261
0.0005613,0.00193033
0.0005627,0.005018105
0.0005640,0.006173031
0.0005653,0.003676666
0.0005667,0.003151397
0.0005680,0.003687258
0.0005693,0.00079826
0.0005707,0.003484841
0.0005720,0.00264297
0.0005733,0.001525913
0.0005747,0.00363201
0.0005760,0.006171884
0.0005773,0.008725982
0.0005787,0.005565896
0.0005800,0.003696778
0.0005813,0.010598399
0.0005827,0.008192763
0.0005840,0.001709214
0.0005853,0.00424977
0.0005867,0.00031507
0.0005880,1.50E-05
0.0005893,-0.004703788
0.0005907,-0.003992256
0.0005920,0.003637772
0.0005933,-8.14E-05
0.0005947,-0.001821534
0.0005960,-0.002454045
0.0005973,0.000605574
0.0005987,-0.000808175
0.0006000,0.002173154
0.0006013,0.007754186
0.0006027,0.005293043
0.0006040,-0.000813768
0.0006053,-0.00179601
0.0006067,0.001723937
0.0006080,-0.000788339
0.0006093,0.004242556
0.0006107,0.003914826
0.0006120,0.003748499
0.0006133,0.001568229
0.0006147,0.0043101
0.0006160,0.00325533
0.0006173,0.002862805
0.0006187,0.003677991
0.0006200,0.003523682
0.0006213,0.002836746
0.0006227,-0.000523278
0.0006240,-0.000271902
0.0006253,-0.000507239
0.0006267,0.002356226
0.0006280,0.007358954
0.0006293,0.008820313
0.0006307,0.008752038
0.0006320,0.005582354
0.0006333,0.005833498
0.0006347,0.002929794
0.0006360,-0.004957809
0.0006373,-0.004048505
0.0006387,0.001283835
0.0006400,0.000785259
0.0006413,0.000428172
0.0006427,0.001346745
0.0006440,0.002258676
0.0006453,-0.000241442
0.0006467,-0.000151815
0.0006480,0.001455083
0.0006493,0.004060259
0.0006507,0.003322151
0.0006520,-0.006897644
0.0006533,0.00660284
0.0006547,-0.00673891
0.0006560,0.023686765
0.0006573,-0.023280233
0.0006587,0.06092407
0.0006600,-0.558345149
0.0006613,-1.215724578
0.0006627,-1.149576574
0.0006640,-1.168036431
0.0006653,-1.185735186
0.0006667,-1.129144376
0.0006680,-1.232979126
0.0006693,-0.091641173
0.0006707,1.215141482
0.0006720,1.133103281
0.0006733,1.193210617
0.0006747,1.157162726
0.0006760,1.177698755
0.0006773,1.166360597
0.0006787,1.171504556
0.0006800,1.169854575
0.0006813,1.169420448
0.0006827,1.170648967
0.0006840,1.169161598
0.0006853,1.171080531
0.0006867,1.169457867
0.0006880,1.17243385
0.0006893,1.150806534
0.0006907,1.000398247
0.0006920,0.840428024
0.0006933,0.7118697
0.0006947,0.592319792
0.0006960,0.489484702
0.0006973,0.406202744
0.0006987,0.33583809
0.0007000,0.274361957
0.0007013,0.221312017
0.0007027,0.171928159
0.0007040,0.133764226
0.0007053,0.106550391
0.0007067,0.074929682
0.0007080,0.051464464
0.0007093,0.034358273
0.0007107,0.019345001
0.0007120,0.013133717
0.0007133,0.007870514
0.0007147,0.004135104
0.0007160,0.006495782
0.0007173,0.007652515
0.0007187,0.008061589
0.0007200,0.010036942
0.0007213,0.010278848
0.0007227,0.012999515
0.0007240,0.020742368
0.0007253,0.023855816
0.0007267,0.030808611
0.0007280,0.034253776
0.0007293,0.034617115
0.0007307,0.034979081
0.0007320,0.031764024
0.0007333,0.021880266
0.0007347,0.017454571
0.0007360,0.015711882
0.0007373,0.014937861
0.0007387,0.01085674
0.0007400,0.010342782
0.0007413,0.009977021
0.0007427,0.004750259
0.0007440,0.004034971
0.0007453,-0.003740439
0.0007467,-0.00531575
0.0007480,-0.013341123
0.0007493,-0.014062149
0.0007507,-0.011623124
0.0007520,-0.018867635
0.0007533,-0.016123306
0.0007547,-0.015336906
0.0007560,-0.013726861
0.0007573,-0.010445808
0.0007587,-0.012398914
0.0007600,-0.009677926
0.0007613,-0.010949266
0.0007627,-0.014011263
0.0007640,-0.010425793
0.0007653,-0.010572306
0.0007667,-0.013199131
0.0007680,-0.010893072
0.0007693,-0.009074383
0.0007707,-0.013052971
0.0007720,-0.015487261
0.0007733,-0.006256091
0.0007747,-0.003650851
0.0007760,-0.001954276
0.0007773,-0.001483723
0.0007787,-0.000834367
0.0007800,-0.00137548
0.0007813,-0.001791444
0.0007827,-0.006081328
0.0007840,-0.010179034
0.0007853,-0.008356474
0.0007867,-0.004961893
0.0007880,-0.007766582
0.0007893,-0.010586084
0.0007907,-0.011269696
0.0007920,-0.009481113
0.0007933,-0.00415401
0.0007947,-0.007150078
0.0007960,-0.006608983
0.0007973,-0.003616774
0.0007987,-0.009665738
0.0008000,-0.013439571
0.0008013,-0.005159444
0.0008027,-0.005847505
0.0008040,-0.002278315
0.0008053,-0.001365134
0.0008067,-0.008995124
0.0008080,-0.008391129
0.0008093,-0.010343224
0.0008107,-0.007670307
0.0008120,-0.007064643
0.0008133,-0.007508524
0.0008147,-0.006402171
0.0008160,-0.006054355
0.0008173,-0.004353026
0.0008187,-0.007803094
0.0008200,-0.00959988
0.0008213,-0.009975803
0.0008227,-0.004861477
0.0008240,-0.00445434
0.0008253,-0.003192782
0.0008267,-0.002129728
0.0008280,-0.005680651
0.0008293,-0.004889413
0.0008307,-0.002984777
0.0008320,-0.005146537
0.0008333,-0.003886511
0.0008347,-0.001850181
0.0008360,-0.002496075
0.0008373,-0.007929433
0.0008387,-0.006917246
0.0008400,-0.003495416
0.0008413,-0.002134477
0.0008427,-0.002732625
0.0008440,-0.006869538
0.0008453,-0.004793229
0.0008467,-0.003107299
0.0008480,-0.005843921
0.0008493,-0.007466267
0.0008507,-0.006258086
0.0008520,-0.007195087
0.0008533,-0.009069068
0.0008547,-0.012427092
0.0008560,-0.010742288
0.0008573,-0.006961895
0.0008587,-0.002715615
0.0008600,-0.0033739
0.0008613,-0.004661715
0.0008627,-0.007396911
0.0008640,-0.00929291
0.0008653,-0.005293331
0.0008667,-0.005806069
0.0008680,-0.011290902
0.0008693,-0.011903871
0.0008707,-0.009723018
0.0008720,-0.006061083
0.0008733,-0.003600684
0.0008747,-0.002968416
0.0008760,0.000743044
0.0008773,0.000149527
0.0008787,9.33E-05
0.0008800,0.000945854
0.0008813,0.000904338
0.0008827,0.000139803
0.0008840,-0.004076882
0.0008853,-0.005254737
0.0008867,-0.008644339
0.0008880,-0.010335798
0.0008893,-0.010446546
0.0008907,-0.005898091
0.0008920,-0.00454705
0.0008933,-0.006834428
0.0008947,-0.009522135
0.0008960,-0.008104063
0.0008973,-0.006121736
0.0008987,-0.007231597
0.0009000,-0.007368782
0.0009013,-0.01063964
0.0009027,-0.012195852
0.0009040,-0.01146218
0.0009053,-0.008970602
0.0009067,-0.00942109
0.0009080,-0.007340333
0.0009093,-0.006813962
0.0009107,-0.002580455
0.0009120,0.003348479
0.0009133,0.005447134
0.0009147,0.005848695
0.0009160,0.00055658
0.0009173,-0.002492509
0.0009187,-0.002653194
0.0009200,-0.003490945
0.0009213,-0.003455803
0.0009227,-0.008330108
0.0009240,-0.005894981
0.0009253,-0.003490432
0.0009267,-0.001717728
0.0009280,-0.002372575
0.0009293,-0.005237559
0.0009307,-0.002244607
0.0009320,-0.002804151
0.0009333,0.000281275
0.0009347,-0.007714249
0.0009360,-0.01185464
0.0009373,-0.007148959
0.0009387,-0.006051042
0.0009400,-0.007864678
0.0009413,-0.009968448
0.0009427,-0.012520131
0.0009440,-0.00968754
0.0009453,-0.007533496
0.0009467,-0.008136977
0.0009480,-0.010029473
0.0009493,-0.007580752
0.0009507,-0.006323979
0.0009520,-0.004151681
0.0009533,0.000263428
0.0009547,-0.0023606
0.0009560,-0.000745546
0.0009573,0.0023038
0.0009587,-0.000890303
0.0009600,-0.000117629
0.0009613,-0.007886331
0.0009627,-0.004145272
0.0009640,-0.005318576
0.0009653,-0.00691157
0.0009667,-0.003184635
0.0009680,-0.000936044
0.0009693,-0.000794058
0.0009707,0.000103901
0.0009720,0.000538058
0.0009733,-0.002192136
0.0009747,-0.002707332
0.0009760,0.00032527
0.0009773,-0.002198461
0.0009787,-0.009350285
0.0009800,-0.009674701
0.0009813,-0.013518197
0.0009827,-0.012832953
0.0009840,-0.013160489
0.0009853,-0.00948406
0.0009867,-0.008113428
0.0009880,-0.008783936
0.0009893,-0.010023342
0.0009907,-0.008399765
0.0009920,-0.004431651
0.0009933,-0.003510959
0.0009947,-0.006378985
0.0009960,-0.010849234
0.0009973,-0.002990086
0.0009987,-0.00233029
0.0010000,-0.000762641
0.0010013,-0.00057646
0.0010027,-0.000526755
0.0010040,0.000971493
0.0010053,-0.001725334
0.0010067,0.002672661
0.0010080,0.002922051
0.0010093,-0.001489329
0.0010107,-0.001505341
0.0010120,0.001531973
0.0010133,-0.005395719
0.0010147,-0.00483022
0.0010160,-0.002900276
0.0010173,-0.003002868
0.0010187,-0.004727686
0.0010200,-0.00819818
0.0010213,-0.011181901
0.0010227,-0.010533782
0.0010240,-0.004656081
0.0010253,-0.005026045
0.0010267,-0.008062821
0.0010280,-0.006324685
0.0010293,-0.007431534
0.0010307,-0.009170372
0.0010320,-0.00683451
0.0010333,-0.00785434
0.0010347,-0.003414906
0.0010360,-0.002633949
0.0010373,-0.007289175
0.0010387,-0.005036699
0.0010400,-0.005617203
0.0010413,-0.004068164
0.0010427,-0.003113639
0.0010440,-0.003929148
0.0010453,-0.0003582
0.0010467,-0.003431536
0.0010480,-0.00469687
0.0010493,-0.002057154
0.0010507,-0.004940974
0.0010520,-0.000962825
0.0010533,-0.00106585
0.0010547,-0.003955044
0.0010560,-0.005011054
0.0010573,-0.005461048
0.0010587,-0.004102927
0.0010600,-0.005250317
0.0010613,-0.008140404
0.0010627,-0.008204059
0.0010640,-0.004651995
0.0010653,-0.00361322
0.0010667,-0.003016491
0.0010680,-0.003637741
0.0010693,-0.005202028
0.0010707,-0.009585426
0.0010720,-0.006571705
0.0010733,-0.005469662
0.0010747,-0.006906735
0.0010760,-0.005918243
0.0010773,-0.000775706
0.0010787,-0.003162767
0.0010800,-0.003500586
0.0010813,-0.003426313
0.0010827,-0.003648664
0.0010840,-0.00135643
0.0010853,-0.003688316
0.0010867,-0.005031051
0.0010880,-0.004659178
0.0010893,-0.00754047
0.0010907,-0.003842862
0.0010920,-0.005522965
0.0010933,-0.005641609
0.0010947,-0.006664182
0.0010960,-0.008426097
0.0010973,-0.004893434
0.0010987,-0.001815662
0.0011000,-0.000413681
0.0011013,-0.006689655
0.0011027,-0.00684147
0.0011040,-0.004876082
0.0011053,-0.002648991
0.0011067,-0.00059725
0.0011080,-3.43E-05
0.0011093,0.00159868
0.0011107,-0.000474449
0.0011120,-1.64E-05
0.0011133,0.001430664
0.0011147,0.001213013
0.0011160,0.001938468
0.0011173,-0.000378369
0.0011187,-0.003386678
0.0011200,-0.006704128
0.0011213,-0.007839558
0.0011227,-0.005378028
0.0011240,-0.005281657
0.0011253,-0.008396636
0.0011267,-0.008557276
0.0011280,-0.010754068
0.0011293,-0.011431693
0.0011307,-0.009923235
0.0011320,-0.01598738
0.0011333,-0.015299788
0.0011347,-0.01300555
0.0011360,-0.015839961
0.0011373,-0.010800635
0.0011387,-0.007238984
0.0011400,-0.006596869
0.0011413,-0.007253394
0.0011427,-0.002135072
0.0011440,0.000748652
0.0011453,0.003140874
0.0011467,0.0017318
0.0011480,-0.001599952
0.0011493,0.000824105
0.0011507,0.001412997
0.0011520,0.002634043
0.0011533,0.003751658
0.0011547,0.00697071
0.0011560,0.007922676
0.0011573,0.008476562
0.0011587,0.011271938
0.0011600,0.006051308
0.0011613,0.002861496
0.0011627,0.003357447
0.0011640,0.000514246
0.0011653,-0.002720758
0.0011667,-0.010011046
0.0011680,-0.014594326
0.0011693,-0.014766445
0.0011707,-0.016417323
0.0011720,-0.017063723
0.0011733,-0.022676786
0.0011747,-0.021597018
0.0011760,-0.022514494
0.0011773,-0.022802657
0.0011787,-0.023122404
0.0011800,-0.020513492
0.0011813,-0.016971523
0.0011827,-0.01183831
0.0011840,-0.008659092
0.0011853,-0.006729336
0.0011867,0.000494653
0.0011880,0.002060623
0.0011893,0.005379415
0.0011907,0.010339629
0.0011920,0.013346531
0.0011933,0.011866982
0.0011947,0.008971945
0.0011960,0.014744469
0.0011973,0.015428646
0.0011987,0.016190317
0.0012000,0.018068483
0.0012013,0.016547172
0.0012027,0.014800309
0.0012040,0.006868453
0.0012053,0.005895025
0.0012067,0.004746365
0.0012080,-0.003942413
0.0012093,-0.013079898
0.0012107,-0.018874896
0.0012120,-0.02296455
0.0012133,-0.028315569
0.0012147,-0.028093456
0.0012160,-0.030656581
0.0012173,-0.037183703
0.0012187,-0.037225173
0.0012200,-0.033787469
0.0012213,-0.035225226
0.0012227,-0.028531214
0.0012240,-0.023149339
0.0012253,-0.022595816
0.0012267,-0.019953116
0.0012280,-0.015301779
0.0012293,-0.005714065
0.0012307,0.004027518
0.0012320,0.014197729
0.0012333,0.024991577
0.0012347,0.02843816
0.0012360,0.033923992
0.0012373,0.041455238
0.0012387,0.043473772
0.0012400,0.043785668
0.0012413,0.043232247
0.0012427,0.042382066
0.0012440,0.036687456
0.0012453,0.026907384
0.0012467,0.018862049
0.0012480,0.010647824
0.0012493,0.002773095
0.0012507,-0.0037924
0.0012520,-0.012317123
0.0012533,-0.024744384
0.0012547,-0.036281864
0.0012560,-0.048896454
0.0012573,-0.057005841
0.0012587,-0.061872472
0.0012600,-0.062902493
0.0012613,-0.063100117
0.0012627,-0.069646814
0.0012640,-0.068843623
0.0012653,-0.059705283
0.0012667,-0.057608701
0.0012680,-0.046693118
0.0012693,-0.033013139
0.0012707,-0.019738545
0.0012720,-0.006617302
0.0012733,0.005959131
0.0012747,0.01942189
0.0012760,0.029335585
0.0012773,0.043098757
0.0012787,0.051640132
0.0012800,0.061965752
0.0012813,0.069833156
0.0012827,0.067539216
0.0012840,0.067495307
0.0012853,0.068729733
0.0012867,0.055553491
0.0012880,0.043575456
0.0012893,0.021864664
0.0012907,-0.002819352
0.0012920,-0.022947034
0.0012933,-0.055358367
0.0012947,-0.086067625
0.0012960,-0.113031607
0.0012973,-0.143703747
0.0012987,-0.166518028
0.0013000,-0.19321788
0.0013013,-0.205346963
0.0013027,-0.202111461
0.0013040,-0.197575529
0.0013053,-0.181059526
0.0013067,-0.145158491
0.0013080,-0.104012033
0.0013093,-0.056581075
0.0013107,-0.002451117
0.0013120,0.060217906
0.0013133,0.126674839
0.0013147,0.185484991
0.0013160,0.246621971
0.0013173,0.305715345
0.0013187,0.352132005
0.0013200,0.386572057
0.0013213,0.410792691
0.0013227,0.422579286
0.0013240,0.418630214
0.0013253,0.391456449
0.0013267,0.351513199
0.0013280,0.292520008
0.0013293,0.225417536
0.0013307,0.15149095
0.0013320,0.071695503
0.0013333,-0.013547096
0.0013347,-0.099569069
0.0013360,-0.175476163
0.0013373,-0.25057674
0.0013387,-0.314500762
0.0013400,-0.360337395
0.0013413,-0.393880018
0.0013427,-0.41422576
0.0013440,-0.41621944
0.0013453,-0.411806905
0.0013467,-0.38849637
0.0013480,-0.345608777
0.0013493,-0.300051807
0.0013507,-0.238283948
0.0013520,-0.176025231
0.0013533,-0.118594952
0.0013547,-0.058670809
0.0013560,-0.004910616
0.0013573,0.039791718
0.0013587,0.082853083
0.0013600,0.114170885
0.0013613,0.138025636
0.0013627,0.153904158
0.0013640,0.157485414
0.0013653,0.157739943
0.0013667,0.149700092
0.0013680,0.136698812
0.0013693,0.120900143
0.0013707,0.097141103
0.0013720,0.070759984
0.0013733,0.046297656
0.0013747,0.024906026
0.0013760,0.002481958
0.0013773,-0.01886113
0.0013787,-0.0349376
0.0013800,-0.044113524
0.0013813,-0.051926442
0.0013827,-0.060102728
0.0013840,-0.058439781
0.0013853,-0.057692313
0.0013867,-0.05395
0.0013880,-0.044592384
0.0013893,-0.032540319
0.0013907,-0.021932587
0.0013920,-0.01608531
0.0013933,-0.001989288
0.0013947,0.009237283
0.0013960,0.015722712
0.0013973,0.026453018
0.0013987,0.037331523
0.0014000,0.045958209
0.0014013,0.047595436
0.0014027,0.042982399
0.0014040,0.043162848
0.0014053,0.051696899
0.0014067,0.053825828
0.0014080,0.051152248
0.0014093,0.044967802
0.0014107,0.033696504
0.0014120,0.026315752
0.0014133,0.018539982
0.0014147,0.0068066
0.0014160,-0.002857125
0.0014173,-0.014799951
0.0014187,-0.029402028
0.0014200,-0.039611005
0.0014213,-0.0424236
0.0014227,-0.040068862
0.0014240,-0.042406155
0.0014253,-0.05235351
0.0014267,-0.052466581
0.0014280,-0.049111807
0.0014293,-0.041747858
0.0014307,-0.032535986
0.0014320,-0.025834567
0.0014333,-0.022247208
0.0014347,-0.017188102
0.0014360,-0.009778955
0.0014373,-0.004240525
0.0014387,0.001055874
0.0014400,0.005380868
0.0014413,0.009175147
0.0014427,0.014784461
0.0014440,0.023674912
0.0014453,0.024710268
0.0014467,0.022138234
0.0014480,0.022020576
0.0014493,0.021865303
0.0014507,0.01757448
0.0014520,0.014703934
0.0014533,0.010209793
0.0014547,0.008278003
0.0014560,0.007275659
0.0014573,0.002376441
0.0014587,-0.003055419
0.0014600,-0.007647461
0.0014613,-0.013186146
0.0014627,-0.01764052
0.0014640,-0.020081332
0.0014653,-0.025298663
0.0014667,-0.028206085
0.0014680,-0.027972253
0.0014693,-0.023967662
0.0014707,-0.021201457
0.0014720,-0.01890703
0.0014733,-0.014394082
0.0014747,-0.012111317
0.0014760,-0.00996948
0.0014773,-0.008536781
0.0014787,-0.003670678
0.0014800,0.000479789
0.0014813,-0.005160763
0.0014827,-0.002504565
0.0014840,0.006442667
0.0014853,0.006558987
0.0014867,0.010625915
0.0014880,0.012925017
0.0014893,0.016817306
0.0014907,0.013526154
0.0014920,0.00864008
0.0014933,0.005408639
0.0014947,0.002675933
0.0014960,0.000290372
0.0014973,-0.002721042
0.0014987,-0.003606963
0.0015000,-0.004618819
0.0015013,-0.008360914
0.0015027,-0.008658459
0.0015040,-0.013998724
0.0015053,-0.016506987
0.0015067,-0.015052683
0.0015080,-0.016683501
0.0015093,-0.020242068
0.0015107,-0.016550053
0.0015120,-0.013837006
0.0015133,-0.012534189
0.0015147,-0.010481387
0.0015160,-0.010307379
0.0015173,-0.009509358
0.0015187,-0.004786988
0.0015200,-0.006866203
0.0015213,-0.006450607
0.0015227,-0.003623632
0.0015240,-0.002853212
0.0015253,-0.001963969
0.0015267,-0.002248646
0.0015280,-0.001753179
0.0015293,0.003512391
0.0015307,0.001855329
0.0015320,0.003138442
0.0015333,0.00665767
0.0015347,0.004820264
0.0015360,0.006276032
0.0015373,0.004079464
0.0015387,0.005336301
0.0015400,-0.001571444
0.0015413,-0.004808205
0.0015427,-0.003284814
0.0015440,-0.005757263
0.0015453,-0.005516376
0.0015467,-0.012641407
0.0015480,-0.015774411
0.0015493,-0.0134433
0.0015507,-0.010100703
0.0015520,-0.009384168
0.0015533,-0.008790336
0.0015547,-0.012183384
0.0015560,-0.016304844
0.0015573,-0.014103082
0.0015587,-0.010242269
0.0015600,-0.006234421
0.0015613,-0.004175481
0.0015627,-0.00113109
0.0015640,-0.002267737
0.0015653,-0.001543341
0.0015667,0.004525337
0.0015680,0.004808825
0.0015693,-0.000579094
0.0015707,0.002024802
0.0015720,0.002536418
0.0015733,-0.003429174
0.0015747,-0.002668806
0.0015760,-7.41E-05
0.0015773,-0.00056126
0.0015787,-0.005592975
0.0015800,-0.00517415
0.0015813,-0.001705739
0.0015827,-0.000593331
0.0015840,-0.002465613
0.0015853,-0.004979659
0.0015867,-0.007604508
0.0015880,-0.01006792
0.0015893,-0.008472208
0.0015907,-0.008204308
0.0015920,-0.004962398
0.0015933,-0.005387232
0.0015947,-0.002071972
0.0015960,-0.003937597
0.0015973,-0.00319847
0.0015987,-0.000790233
0.0016000,0.000870424
0.0016013,0.004282041
0.0016027,0.000645471
0.0016040,-0.000615258
0.0016053,-0.004710641
0.0016067,-0.005098247
0.0016080,-0.004364377
0.0016093,-0.005589717
0.0016107,-0.00534331
0.0016120,-0.005181058
0.0016133,-0.004912238
0.0016147,-0.009406041
0.0016160,-0.007105225
0.0016173,-0.00593651
0.0016187,-0.00615337
0.0016200,-0.008100676
0.0016213,-0.004556217
0.0016227,-0.003602597
0.0016240,-0.006619477
0.0016253,-0.004852911
0.0016267,-0.007999445
0.0016280,-0.011478427
0.0016293,-0.008325614
0.0016307,-0.007432946
0.0016320,-0.006279468
0.0016333,-0.005656488
0.0016347,-0.005049807
0.0016360,-0.007942987
0.0016373,-0.004154797
0.0016387,-0.001452235
0.0016400,-0.002600228
0.0016413,-0.004374684
0.0016427,-0.003075862
0.0016440,-0.00469539
0.0016453,-0.006661564
0.0016467,-0.007060712
0.0016480,-0.006816038
0.0016493,-0.005155317
0.0016507,-0.004853705
0.0016520,-0.00229053
0.0016533,-0.002989844
0.0016547,-0.005536239
0.0016560,-0.006682677
0.0016573,-0.006300474
0.0016587,-0.009138582
0.0016600,-0.007083489
0.0016613,-0.002418685
0.0016627,-0.002454665
0.0016640,-0.00523469
0.0016653,-0.005121822
0.0016667,-0.002594078
0.0016680,-0.007019725
0.0016693,-0.007375215
0.0016707,-0.007695906
0.0016720,-0.009330211
0.0016733,-0.007779571
0.0016747,-0.005547023
0.0016760,-0.002232914
0.0016773,-0.002236588
0.0016787,0.001531399
0.0016800,0.002313978
0.0016813,0.001797159
0.0016827,0.002635857
0.0016840,-0.002532305
0.0016853,-0.006406338
0.0016867,-0.004726464
0.0016880,-0.00418692
0.0016893,-0.005988565
0.0016907,-0.002226613
0.0016920,0.000414223
0.0016933,-0.002205605
0.0016947,-0.005813477
0.0016960,-0.001448737
0.0016973,0.000161383
0.0016987,-0.005846359
0.0017000,-0.004739712
0.0017013,-0.004060137
0.0017027,-0.004543166
0.0017040,-0.001129713
0.0017053,-0.003328492
0.0017067,-0.012124759
0.0017080,-0.012677236
0.0017093,-0.007091925
0.0017107,-0.005954771
0.0017120,-0.002689114
0.0017133,-0.001017223
0.0017147,-0.000436145
0.0017160,0.000343446
0.0017173,-0.000120473
0.0017187,-0.00106673
0.0017200,-0.00274471
0.0017213,-0.002655865
0.0017227,-0.003501323
0.0017240,-0.005959035
0.0017253,-0.006937652
0.0017267,-0.008191757
0.0017280,-0.005823663
0.0017293,-0.005215958
0.0017307,0.001270385
0.0017320,0.001672897
0.0017333,-0.002113448
0.0017347,-0.002066599
0.0017360,-0.00356945
0.0017373,-0.002265823
0.0017387,-0.005744544
0.0017400,-0.007193608
0.0017413,-0.006277505
0.0017427,-0.008956398
0.0017440,-0.009742927
0.0017453,-0.014382096
0.0017467,-0.013378399
0.0017480,-0.011443518
0.0017493,-0.008676954
0.0017507,-0.005930089
0.0017520,-0.007772841
0.0017533,-0.006451317
0.0017547,-0.002487684
0.0017560,-0.003299447
0.0017573,0.000466801
0.0017587,-0.000879886
0.0017600,-0.003502104
0.0017613,-0.006401285
0.0017627,-0.002347504
0.0017640,0.001579663
0.0017653,-0.003931202
0.0017667,-0.004247378
0.0017680,-0.006580189
0.0017693,-0.002145268
0.0017707,0.002852783
0.0017720,0.004359828
0.0017733,0.00182755
0.0017747,-0.00344973
0.0017760,-0.004552198
0.0017773,-0.002686488
0.0017787,-0.004819365
0.0017800,-0.006244877
0.0017813,-0.004118429
0.0017827,-0.004850992
0.0017840,-0.009084696
0.0017853,-0.009825498
0.0017867,-0.005551176
0.0017880,-0.005316853
0.0017893,-0.006584135
0.0017907,-0.006042393
0.0017920,-0.002796193
0.0017933,0.000155541
0.0017947,-0.000635959
0.0017960,-0.001467162
0.0017973,-0.005534883
0.0017987,-0.005701317
0.0018000,-0.003410307
0.0018013,-0.002353023
0.0018027,-0.006826543
0.0018040,-0.006513018
0.0018053,-0.000785883
0.0018067,-0.000522455
0.0018080,-0.003963787
0.0018093,-0.003085644
0.0018107,-0.001854594
0.0018120,0.001296214
0.0018133,0.001156866
0.0018147,-0.001212672
0.0018160,-0.004881683
0.0018173,-0.009078983
0.0018187,-0.007960085
0.0018200,-0.006103082
0.0018213,-0.007894
0.0018227,-0.009940736
0.0018240,-0.009178683
0.0018253,-0.004552164
0.0018267,-0.002158204
0.0018280,-0.003874182
0.0018293,-0.005269914
0.0018307,-0.006858446
0.0018320,-0.007971987
0.0018333,-0.007558606
0.0018347,-0.003537385
0.0018360,0.002851573
0.0018373,0.001035543
0.0018387,0.000318664
0.0018400,0.000137289
0.0018413,-0.003482421
0.0018427,0.000374765
0.0018440,0.003475874
0.0018453,-0.000556809
0.0018467,-0.001999394
0.0018480,-0.005100199
0.0018493,-0.006562475
0.0018507,-0.006420457
0.0018520,-0.004551937
0.0018533,-0.003477065
0.0018547,-0.009026797
0.0018560,-0.007580546
0.0018573,-0.008144615
0.0018587,-0.009986303
0.0018600,-0.009063588
0.0018613,-0.006207898
0.0018627,-0.004801014
0.0018640,-0.003963459
0.0018653,-0.002304418
0.0018667,-0.004704269
0.0018680,-0.003138732
0.0018693,0.002493026
0.0018707,3.59E-05
0.0018720,-0.002106568
0.0018733,-0.004032318
0.0018747,-0.009308485
0.0018760,-0.008174622
0.0018773,-0.00239618
0.0018787,-0.002916599
0.0018800,-0.001080795
0.0018813,-0.003521049
0.0018827,-0.005643959
0.0018840,-0.010410881
0.0018853,-0.010110994
0.0018867,-0.005113187
0.0018880,-0.005632858
0.0018893,-0.004211106
0.0018907,-0.008886073
0.0018920,-0.006063213
0.0018933,-0.0007751
0.0018947,-0.003934864
0.0018960,-0.003871397
0.0018973,-0.002905718
0.0018987,-0.002933313
0.0019000,-0.005067301
0.0019013,-0.004299065
0.0019027,-0.003361568
0.0019040,-0.005631924
0.0019053,-0.007156736
0.0019067,-0.007435952
0.0019080,-0.008466721
0.0019093,-0.008755551
0.0019107,-0.007781364
0.0019120,-0.005268733
0.0019133,-0.003283977
0.0019147,-0.006381377
0.0019160,-0.006714554
0.0019173,-0.006945855
0.0019187,-0.005022033
0.0019200,-0.005156486
0.0019213,-0.000106555
0.0019227,-0.000931173
0.0019240,-0.002555259
0.0019253,-0.004096528
0.0019267,-0.010573711
0.0019280,-0.007154661
0.0019293,-0.004421396
0.0019307,0.000863281
0.0019320,0.003410693
0.0019333,0.000447694
0.0019347,-0.001123525
0.0019360,-0.001921866
0.0019373,-0.002235301
0.0019387,-0.005545644
0.0019400,-0.003279105
0.0019413,-0.006536773
0.0019427,-0.009546794
0.0019440,-0.002793019
0.0019453,-0.003974595
0.0019467,2.89E-05
0.0019480,-0.009959052
0.0019493,-0.004643759
0.0019507,-0.021580343
0.0019520,0.006568115
0.0019533,-0.025707451
0.0019547,0.03308398
0.0019560,-0.221425991
0.0019573,-1.080940076
0.0019587,-1.191704598
0.0019600,-1.146119152
0.0019613,-1.195256048
0.0019627,-1.130611974
0.0019640,-1.234818322
0.0019653,-0.716128396
0.0019667,0.933461302
0.0019680,1.204035605
0.0019693,1.153602729
0.0019707,1.182391445
0.0019720,1.161314462
0.0019733,1.177032524
0.0019747,1.164915275
0.0019760,1.173709027
0.0019773,1.167468749
0.0019787,1.171496738
0.0019800,1.168953119
0.0019813,1.170757348
0.0019827,1.169915569
0.0019840,1.171498355
0.0019853,1.159416483
0.0019867,1.020255713
0.0019880,0.871540583
0.0019893,0.74921887
0.0019907,0.638294051
0.0019920,0.547210598
0.0019933,0.464378473
0.0019947,0.399411076
0.0019960,0.340597395
0.0019973,0.284863656
0.0019987,0.237948401
0.0020000,0.19498817
0.0020013,0.16285322
0.0020027,0.132267552
0.0020040,0.103622251
0.0020053,0.079064838
0.0020067,0.056368535
0.0020080,0.038259282
0.0020093,0.023936014
0.0020107,0.011188925
0.0020120,0.003180023
0.0020133,-0.001246749
0.0020147,-0.0104994
0.0020160,-0.014554413
0.0020173,-0.013506359
0.0020187,-0.009639613
0.0020200,-0.008522719
0.0020213,-0.008968728
0.0020227,-0.006617906
0.0020240,0.002829275
0.0020253,0.007881692
0.0020267,0.013103267
0.0020280,0.016763174
0.0020293,0.013343138
0.0020307,0.020664821
0.0020320,0.020368085
0.0020333,0.022113308
0.0020347,0.020520554
0.0020360,0.022573014
0.0020373,0.021285072
0.0020387,0.014272325
0.0020400,0.012201923
0.0020413,0.010310889
0.0020427,0.005263142
0.0020440,6.85E-05
0.0020453,-0.001482183
0.0020467,-0.009712092
0.0020480,-0.006765104
0.0020493,-0.010235724
0.0020507,-0.008512159
0.0020520,-0.008283475
0.0020533,-0.01051463
0.0020547,-0.010194262
0.0020560,-0.007010604
0.0020573,-0.00111369
0.0020587,-0.004100951
0.0020600,-0.005288403
0.0020613,-0.006070019
0.0020627,-0.008123915
0.0020640,-0.011737594
0.0020653,-0.005449389
0.0020667,-0.004446214
0.0020680,-0.001884051
0.0020693,-0.003407478
0.0020707,-0.006001861
0.0020720,-0.004168304
0.0020733,-0.001946646
0.0020747,-0.002790716
0.0020760,-0.008107851
0.0020773,-0.007980298
0.0020787,-0.007723938
0.0020800,-0.004162798
0.0020813,-0.000538141
0.0020827,0.000183396
0.0020840,-0.005842389
0.0020853,-0.011233808
0.0020867,-0.00683346
0.0020880,-0.005763343
0.0020893,-0.002205714
0.0020907,-0.002091553
0.0020920,-0.006209679
0.0020933,-0.008945193
0.0020947,-0.012334589
0.0020960,-0.014679355
0.0020973,-0.006080665
0.0020987,0.001710174
0.0021000,0.003190228
0.0021013,0.00056766
0.0021027,0.000259871
0.0021040,-0.000562614
0.0021053,-0.005042659
0.0021067,-0.005929
0.0021080,-0.006268444
0.0021093,-0.006926263
0.0021107,-0.005288294
0.0021120,-0.00959723
0.0021133,-0.014125162
0.0021147,-0.006786358
0.0021160,-0.006126819
0.0021173,-0.00614847
0.0021187,-0.006798799
0.0021200,-0.010036361
0.0021213,-0.009074343
0.0021227,-0.003529164
0.0021240,-0.006066039
0.0021253,-0.006563277
0.0021267,-0.005884774
0.0021280,-0.00577995
0.0021293,-0.003975924
0.0021307,-0.002557306
0.0021320,-0.003969202
0.0021333,-0.005087134
0.0021347,-0.002644145
0.0021360,-0.007222857
0.0021373,-0.012317481
0.0021387,-0.010657725
0.0021400,-0.01204924
0.0021413,-0.006577161
0.0021427,-0.005650631
0.0021440,-0.010692181
0.0021453,-0.011227934
0.0021467,-0.01128192
0.0021480,-0.008311429
0.0021493,-0.00907402
0.0021507,-0.010654038
0.0021520,-0.009212803
0.0021533,-0.009527221
0.0021547,-0.008005338
0.0021560,-0.001878579
0.0021573,-0.001368529
0.0021587,0.004265282
0.0021600,0.002033098
0.0021613,-0.002793894
0.0021627,-0.002227566
0.0021640,-0.004505431
0.0021653,-0.003898635
0.0021667,-0.006232628
0.0021680,-0.008268008
0.0021693,-0.009161365
0.0021707,-0.006215714
0.0021720,-0.005032532
0.0021733,-0.004471408
0.0021747,-0.006787726
0.0021760,-0.006307854
0.0021773,-0.004781304
0.0021787,-0.008567897
0.0021800,-0.005103094
0.0021813,-0.004252452
0.0021827,-0.005287711
0.0021840,-0.003564672
0.0021853,-0.008202685
0.0021867,-0.007903846
0.0021880,-0.003982348
0.0021893,-0.003684543
0.0021907,-0.005105473
0.0021920,-0.006483755
0.0021933,-0.005535243
0.0021947,-0.005062668
0.0021960,-0.004520985
0.0021973,-0.003706102
0.0021987,-0.005264942
0.0022000,-0.006067755
0.0022013,-0.008949788
0.0022027,-0.007669283
0.0022040,-0.001570824
0.0022053,-0.000100063
0.0022067,-0.000281256
0.0022080,-0.002748232
0.0022093,-0.006209932
0.0022107,-0.005640232
0.0022120,-0.00336962
0.0022133,0.000851364
0.0022147,0.001080208
0.0022160,0.000218035
0.0022173,-0.002234418
0.0022187,-0.00693904
0.0022200,-0.010590984
0.0022213,-0.011091266
0.0022227,-0.010668078
0.0022240,-0.007852363
0.0022253,-0.002136111
0.0022267,-0.002833986
0.0022280,-0.000400729
0.0022293,-0.003031014
0.0022307,-0.003146679
0.0022320,-0.005526422
0.0022333,-0.010139823
0.0022347,-0.009210368
0.0022360,-0.004614172
0.0022373,-0.00255833
0.0022387,-0.004240357
0.0022400,-0.001201461
0.0022413,-0.002274003
0.0022427,-0.001845883
0.0022440,-0.0049947
0.0022453,-0.009734121
0.0022467,-0.013544329
0.0022480,-0.009091592
0.0022493,-0.007138152
0.0022507,-0.00322186
0.0022520,-0.004717661
0.0022533,-0.003141266
0.0022547,-0.005019093
0.0022560,-0.004388548
0.0022573,-0.000839192
0.0022587,0.00047176
0.0022600,-0.000299748
0.0022613,-0.001514386
0.0022627,-0.001872243
0.0022640,-0.00441367
0.0022653,-0.004001297
0.0022667,-0.002305342
0.0022680,-0.003230495
0.0022693,-0.004074108
0.0022707,-0.004820467
0.0022720,-0.005676377
0.0022733,-0.010556798
0.0022747,-0.010962309
0.0022760,-0.013466165
0.0022773,-0.014032384
0.0022787,-0.010012601
0.0022800,-0.011408996
0.0022813,-0.012840936
0.0022827,-0.012089222
0.0022840,-0.010133411
0.0022853,-0.008580767
0.0022867,-0.002176525
0.0022880,-0.004471839
0.0022893,-0.007941725
0.0022907,-0.007683551
0.0022920,-0.007580406
0.0022933,-0.003219301
0.0022947,-0.00397761
0.0022960,-0.007559175
0.0022973,-0.005729716
0.0022987,-0.005013814
0.0023000,-0.006619893
0.0023013,-0.004586573
0.0023027,-0.002267996
0.0023040,-0.003202515
0.0023053,0.00367223
0.0023067,0.000103055
0.0023080,-0.002328898
0.0023093,0.001787109
0.0023107,-0.001264885
0.0023120,-0.002945247
0.0023133,-0.003293324
0.0023147,-0.007505682
0.0023160,-0.007646857
0.0023173,-0.006645002
0.0023187,-0.006727428
0.0023200,-0.009559111
0.0023213,-0.009549753
0.0023227,-0.005344249
0.0023240,-0.005639317
0.0023253,-0.001355443
0.0023267,-0.004899542
0.0023280,-0.004620683
0.0023293,-0.001107707
0.0023307,-0.004138229
0.0023320,-0.001395518
0.0023333,-0.00406916
0.0023347,-0.00539058
0.0023360,-0.005432745
0.0023373,-0.006160449
0.0023387,-0.008904564
0.0023400,-0.008645461
0.0023413,-0.005949156
0.0023427,-0.0057089
0.0023440,-0.009073129
0.0023453,-0.004669869
0.0023467,-0.004462044
0.0023480,-0.002015816
0.0023493,-0.001225497
0.0023507,-0.00354447
0.0023520,-0.003093765
0.0023533,-0.007411618
0.0023547,-0.007593482
0.0023560,-0.006760048
0.0023573,0.000909097
0.0023587,0.003362785
0.0023600,0.0007885
0.0023613,0.000129548
0.0023627,-0.003659365
0.0023640,-0.001503394
0.0023653,-0.000467454
0.0023667,-0.004691317
0.0023680,-0.005520366
0.0023693,-0.00053924
0.0023707,0.001828909
0.0023720,-0.000612685
0.0023733,-0.008038701
0.0023747,-0.004565872
0.0023760,-0.009207176
0.0023773,-0.012496176
0.0023787,-0.004984565
0.0023800,-0.010745159
0.0023813,-0.010813286
0.0023827,-0.011443332
0.0023840,-0.01058278
0.0023853,-0.008316629
0.0023867,-0.00820012
0.0023880,-0.006033369
0.0023893,-0.004587198
0.0023907,-0.002419993
0.0023920,-0.00222739
0.0023933,-0.001388611
0.0023947,-0.001196097
0.0023960,-0.001207539
0.0023973,0.004649427
0.0023987,0.003502362
0.0024000,0.001480652
0.0024013,0.001668266
0.0024027,0.001291111
0.0024040,-0.001422649
0.0024053,-0.003889095
0.0024067,0.000591207
0.0024080,0.002108721
0.0024093,-3.72E-06
0.0024107,-0.000712424
0.0024120,-6.09E-05
0.0024133,0.000155208
0.0024147,-0.001806908
0.0024160,-0.011364907
0.0024173,-0.015132021
0.0024187,-0.013030173
0.0024200,-0.015142899
0.0024213,-0.018151655
0.0024227,-0.018916876
0.0024240,-0.021006217
0.0024253,-0.01790237
0.0024267,-0.01679224
0.0024280,-0.013365119
0.0024293,-0.011045064
0.0024307,-0.013543036
0.0024320,-0.009259107
0.0024333,-0.0063548
0.0024347,-0.002441739
0.0024360,0.004404494
0.0024373,0.008571776
0.0024387,0.011011001
0.0024400,0.012892095
0.0024413,0.011826096
0.0024427,0.011702913
0.0024440,0.016263458
0.0024453,0.018622127
0.0024467,0.01363859
0.0024480,0.011897066
0.0024493,0.014027972
0.0024507,0.009825225
0.0024520,0.005662192
0.0024533,0.007022679
0.0024547,0.001058149
0.0024560,-0.01077646
0.0024573,-0.013387684
0.0024587,-0.013516139
0.0024600,-0.019397322
0.0024613,-0.024788389
0.0024627,-0.022634818
0.0024640,-0.026571089
0.0024653,-0.031958888
0.0024667,-0.028672146
0.0024680,-0.02987171
0.0024693,-0.026644411
0.0024707,-0.02402499
0.0024720,-0.024205747
0.0024733,-0.019030584
0.0024747,-0.017368097
0.0024760,-0.011471688
0.0024773,-0.003251099
0.0024787,0.005192847
0.0024800,0.008712601
0.0024813,0.012191295
0.0024827,0.021524133
0.0024840,0.026368908
0.0024853,0.026378154
0.0024867,0.026476756
0.0024880,0.025734278
0.0024893,0.027373113
0.0024907,0.026218331
0.0024920,0.025474011
0.0024933,0.020441925
0.0024947,0.014475169
0.0024960,0.011816324
0.0024973,0.002543396
0.0024987,-0.004409148
0.0025000,-0.019860229
0.0025013,-0.032508826
0.0025027,-0.038238281
0.0025040,-0.040356226
0.0025053,-0.042946045
0.0025067,-0.049065331
0.0025080,-0.052653108
0.0025093,-0.051760723
0.0025107,-0.054110157
0.0025120,-0.056390779
0.0025133,-0.053025413
0.0025147,-0.043422091
0.0025160,-0.033705817
0.0025173,-0.028593008
0.0025187,-0.021278483
0.0025200,-0.007465019
0.0025213,0.002454578
0.0025227,0.011423971
0.0025240,0.023554938
0.0025253,0.034423956
0.0025267,0.044946151
0.0025280,0.052770961
0.0025293,0.059252502
0.0025307,0.06342451
0.0025320,0.063729375
0.0025333,0.060664175
0.0025347,0.05491227
0.0025360,0.049043375
0.0025373,0.042567207
0.0025387,0.028148181
0.0025400,0.01908945
0.0025413,0.004874342
0.0025427,-0.0089569
0.0025440,-0.024506225
0.0025453,-0.036849128
0.0025467,-0.046814189
0.0025480,-0.056840889
0.0025493,-0.068264322
0.0025507,-0.072742606
0.0025520,-0.071621803
0.0025533,-0.069835264
0.0025547,-0.061583454
0.0025560,-0.049469978
0.0025573,-0.032256971
0.0025587,-0.013191134
0.0025600,0.00646673
0.0025613,0.028239236
0.0025627,0.053820464
0.0025640,0.081021489
0.0025653,0.105891124
0.0025667,0.13037545
0.0025680,0.149084225
0.0025693,0.160281579
0.0025707,0.167976777
0.0025720,0.164392754
0.0025733,0.151258141
0.0025747,0.127162141
0.0025760,0.097786335
0.0025773,0.062559042
0.0025787,0.019456156
0.0025800,-0.02857772
0.0025813,-0.083772346
0.0025827,-0.142689473
0.0025840,-0.19427024
0.0025853,-0.238338183
0.0025867,-0.278573042
0.0025880,-0.313946986
0.0025893,-0.344470635
0.0025907,-0.362494323
0.0025920,-0.372787087
0.0025933,-0.375177064
0.0025947,-0.356869169
0.0025960,-0.323831886
0.0025973,-0.279271428
0.0025987,-0.224868866
0.0026000,-0.161748151
0.0026013,-0.089074458
0.0026027,-0.017043356
0.0026040,0.05699377
0.0026053,0.127590806
0.0026067,0.198381879
0.0026080,0.262761613
0.0026093,0.318763091
0.0026107,0.362902639
0.0026120,0.39289173
0.0026133,0.414471938
0.0026147,0.423831596
0.0026160,0.418218676
0.0026173,0.397415793
0.0026187,0.365990712
0.0026200,0.325983215
0.0026213,0.276185621
0.0026227,0.218499109
0.0026240,0.155351958
0.0026253,0.090122631
0.0026267,0.021469912
0.0026280,-0.046248251
0.0026293,-0.101633616
0.0026307,-0.157222106
0.0026320,-0.196205604
0.0026333,-0.230020443
0.0026347,-0.252402627
0.0026360,-0.263626502
0.0026373,-0.267828277
0.0026387,-0.260692428
0.0026400,-0.246998821
0.0026413,-0.224872361
0.0026427,-0.191130573
0.0026440,-0.153882334
0.0026453,-0.11621211
0.0026467,-0.067924601
0.0026480,-0.030792665
0.0026493,-0.001994197
0.0026507,0.024169329
0.0026520,0.0489971
0.0026533,0.075781233
0.0026547,0.093353341
0.0026560,0.103658983
0.0026573,0.102894359
0.0026587,0.099829974
0.0026600,0.092707879
0.0026613,0.083784961
0.0026627,0.066395481
0.0026640,0.047740445
0.0026653,0.031639481
0.0026667,0.010049266
0.0026680,-0.006606461
0.0026693,-0.028521675
0.0026707,-0.043305118
0.0026720,-0.057130942
0.0026733,-0.067598934
0.0026747,-0.073784971
0.0026760,-0.080395123
0.0026773,-0.075617067
0.0026787,-0.071471207
0.0026800,-0.067389768
0.0026813,-0.059016315
0.0026827,-0.05070035
0.0026840,-0.040492082
0.0026853,-0.028003529
0.0026867,-0.021226319
0.0026880,-0.009492549
0.0026893,0.002121293
0.0026907,0.008061887
0.0026920,0.018292796
0.0026933,0.023720525
0.0026947,0.03017493
0.0026960,0.038899555
0.0026973,0.039595312
0.0026987,0.039980522
0.0027000,0.034363546
0.0027013,0.032487506
0.0027027,0.028170111
0.0027040,0.017762291
0.0027053,0.011619176
0.0027067,0.006980262
0.0027080,0.001534768
0.0027093,-0.00430366
0.0027107,-0.00703766
0.0027120,-0.01432288
0.0027133,-0.019070275
0.0027147,-0.017464844
0.0027160,-0.020349347
0.0027173,-0.022366934
0.0027187,-0.023446191
0.0027200,-0.027574254
0.0027213,-0.026110189
0.0027227,-0.022783361
0.0027240,-0.019613962
0.0027253,-0.01659573
0.0027267,-0.016553278
0.0027280,-0.008792369
0.0027293,-0.007605259
0.0027307,-0.003568894
0.0027320,0.003872121
0.0027333,0.009963425
0.0027347,0.012198528
0.0027360,0.016165977
0.0027373,0.021381845
0.0027387,0.018639051
0.0027400,0.020337166
0.0027413,0.017428046
0.0027427,0.014025911
0.0027440,0.011925154
0.0027453,0.010097717
0.0027467,0.002175357
0.0027480,-0.001078089
0.0027493,-0.003037458
0.0027507,-0.004427441
0.0027520,-0.007491939
0.0027533,-0.011821482
0.0027547,-0.013523258
0.0027560,-0.015241999
0.0027573,-0.011874849
0.0027587,-0.015091061
0.0027600,-0.018187459
0.0027613,-0.018381998
0.0027627,-0.018725752
0.0027640,-0.012515797
0.0027653,-0.011566366
0.0027667,-0.014622014
0.0027680,-0.009423114
0.0027693,-0.009800606
0.0027707,-0.010961991
0.0027720,-0.007308409
0.0027733,-0.004269983
0.0027747,-0.004917611
0.0027760,-0.000566214
0.0027773,0.002700338
0.0027787,0.004656799
0.0027800,0.007699448
0.0027813,0.004438642
0.0027827,0.001809408
0.0027840,-0.000525496
0.0027853,-0.004676983
0.0027867,-0.000311686
0.0027880,-0.001648923
0.0027893,-0.003242738
0.0027907,-0.00121466
0.0027920,-0.003943353
0.0027933,-0.002964245
0.0027947,-5.09E-05
0.0027960,-0.00181294
0.0027973,-0.004404858
0.0027987,-0.007885932
0.0028000,-0.009754509
0.0028013,-0.008143073
0.0028027,-0.010300879
0.0028040,-0.011306893
0.0028053,-0.01652407
0.0028067,-0.010853795
0.0028080,-0.009657834
0.0028093,-0.01169305
0.0028107,-0.010766851
0.0028120,-0.012769694
0.0028133,-0.008524773
0.0028147,-0.005316365
0.0028160,-0.003610624
0.0028173,-0.001899663
0.0028187,0.00335315
0.0028200,0.003211801
0.0028213,-0.000207765
0.0028227,-0.003779659
0.0028240,-0.000684609
0.0028253,0.00285713
0.0028267,8.57E-06
0.0028280,-0.002034304
0.0028293,-0.001659949
0.0028307,-0.00029852
0.0028320,0.000431254
0.0028333,-0.003603607
0.0028347,-0.006010088
0.0028360,-0.004779835
0.0028373,-0.006292396
0.0028387,-0.006462202
0.0028400,-0.004443277
0.0028413,-0.008711242
0.0028427,-0.010588308
0.0028440,-0.004477016
0.0028453,-0.00291696
0.0028467,-0.008603853
0.0028480,-0.007411263
0.0028493,-0.007542118
0.0028507,-0.002884285
0.0028520,-0.002809933
0.0028533,-0.005328094
0.0028547,-0.002419209
0.0028560,0.000358595
0.0028573,0.000612685
0.0028587,-0.001261478
0.0028600,-0.006119833
0.0028613,-0.010844898
0.0028627,-0.00737711
0.0028640,-0.002775765
0.0028653,-0.002024936
0.0028667,-0.007028455
0.0028680,-0.005056324
0.0028693,-0.004785043
0.0028707,-0.000964376
0.0028720,-0.000708108
0.0028733,-0.006099375
0.0028747,-0.006788784
0.0028760,-0.006040127
0.0028773,-0.003397105
0.0028787,-0.003335146
0.0028800,-0.00430992
0.0028813,-0.008961214
0.0028827,-0.007264305
0.0028840,-0.007133159
0.0028853,-0.009432491
0.0028867,-0.00315771
0.0028880,-0.003041402
0.0028893,-0.002874495
0.0028907,0.000839015
0.0028920,-0.001422733
0.0028933,-0.004229374
0.0028947,-0.002860263
0.0028960,0.000260277
0.0028973,0.001049974
0.0028987,-0.003020141
0.0029000,-0.004466816
0.0029013,-0.002713297
0.0029027,-0.006318918
0.0029040,-0.004492402
0.0029053,-0.004621863
0.0029067,-0.005806469
0.0029080,-0.007550499
0.0029093,-0.0062353
0.0029107,-0.00524314
0.0029120,-0.008052597
0.0029133,-0.012448109
0.0029147,-0.014216471
0.0029160,-0.011196902
0.0029173,-0.00913706
0.0029187,-0.008250545
0.0029200,-0.006071284
0.0029213,-0.005972327
0.0029227,-0.010240598
0.0029240,-0.004056378
0.0029253,-0.005460783
0.0029267,-0.004259318
0.0029280,-0.005233164
0.0029293,-0.004518579
0.0029307,0.00082817
0.0029320,0.001475022
0.0029333,-0.001243073
0.0029347,-7.06E-05
0.0029360,-0.002357094
0.0029373,-0.002313442
0.0029387,-0.002717346
0.0029400,-0.001207067
0.0029413,-0.002480164
0.0029427,-0.001467673
0.0029440,-0.001185255
0.0029453,0.002369644
0.0029467,0.003064517
0.0029480,-0.002044328
0.0029493,-0.003843138
0.0029507,-0.010340558
0.0029520,-0.008823545
0.0029533,-0.009829804
0.0029547,-0.009177033
0.0029560,-0.011870415
0.0029573,-0.013405474
0.0029587,-0.009684894
0.0029600,-0.010693473
0.0029613,-0.005263258
0.0029627,-0.003571748
0.0029640,-0.004756466
0.0029653,-0.000198458
0.0029667,-0.003656212
0.0029680,-0.00447389
0.0029693,-0.004211732
0.0029707,-0.003061081
0.0029720,-0.001256636
0.0029733,0.000972161
0.0029747,-0.001138142
0.0029760,0.00112305
0.0029773,0.00485475
0.0029787,0.002292444
0.0029800,-0.002822127
0.0029813,-0.004475072
0.0029827,-0.004547199
0.0029840,-0.006993894
0.0029853,-0.007609798
0.0029867,-0.003476617
0.0029880,-0.006195721
0.0029893,-0.008850591
0.0029907,-0.010792895
0.0029920,-0.00795425
0.0029933,-0.006350597
0.0029947,-0.010842225
0.0029960,-0.00983906
0.0029973,-0.008985544
0.0029987,-0.010189138
0.0030000,-0.005753854
0.0030013,-0.00448761
0.0030027,-0.003649831
0.0030040,-0.00624305
0.0030053,-0.004501742
0.0030067,-0.004410735
0.0030080,-0.00090444
0.0030093,0.003156175
0.0030107,-0.002961139
0.0030120,-0.005105573
0.0030133,-0.000226504
0.0030147,0.001731088
0.0030160,0.003689662
0.0030173,0.004822105
0.0030187,-0.004091057
0.0030200,-0.003647381
0.0030213,-0.003224554
0.0030227,-0.010002401
0.0030240,-0.007656763
0.0030253,-0.004101528
0.0030267,-0.005245574
0.0030280,-0.003159617
0.0030293,-0.006941498
0.0030307,-0.013394104
0.0030320,-0.010882622
0.0030333,-0.007032977
0.0030347,-0.004445792
0.0030360,-0.004021432
0.0030373,0.002622825
0.0030387,0.002123395
0.0030400,-0.001648278
0.0030413,-0.003529817
0.0030427,0.001455097
0.0030440,-0.000516452
0.0030453,-0.00294942
0.0030467,0.000749702
0.0030480,-0.000843623
0.0030493,-0.002527055
0.0030507,-0.004690791
0.0030520,-0.00655911
0.0030533,-0.006441813
0.0030547,-0.007614685
0.0030560,-0.004872641
0.0030573,-0.002123421
0.0030587,-0.000883326
0.0030600,0.000136146
0.0030613,-0.002106962
0.0030627,-0.00281506
0.0030640,-0.003198472
0.0030653,0.000276769
0.0030667,-0.002793936